이단 종교 교리 알려면 종교 내부 인사 초빙 해서 들어야 제대로 들을 같아요 외부 질의 응답 이렇게 되는 정상 아닌가요 ?,0.0
인도 기독교 선교 할 수 없는 나라 입니다 . 일반 비자 인도 방문 후 선교 활동 하면 추방 되는 나라 입니다 . 특히 인도 북부 원리 힌두교도 판치는 지역 입니다 . 절대 선교 활동 하지 마세요,0.0
대부분 건전 교단 교류 금지 내려진 단체 귀 신론 김기동 계열 비슷한 닩 제입 니 . 주의 요망,0.0
정말 징글징글 하다 기독교 ... 끔찍해,0.0
앞 방역 반해 감염 유발 하는 뭐라고 부를까 ? 코로나 스파이 ? 감염 빨갱이 ? 코로나 간첩 ?,0.0
이제 인터콥 정부 기독교 핍박한다고 더 뭉쳐서 기도 장부 비방 히 데모 할것 입니다 .,0.0
기적,0.0
기독교 인터 콥 ... 훌륭하다 .. 빨리 천 국가 ..,0.0
?? 기독교 연 수원 칭한건 뉴스 . 알 계신가요 ? 알 말 하세요,0.0
"나라 지침 잘 지키는 교회 사과 하느라 바쁘고 , 안 지키는 교회 사고치느라 바쁘고 아이러니 하다",0.0
종교 팔이 장사꾼 놈 신 믿기는 하는지 ? 신 돈 . 공부 못 하는 주둥이 살아서 주둥이 터 재능 수 이하 데비 대 예배 돈 적게 들어와 엉뚱한 핑계 대고 있지 . 니 지옥 안 믿지 ?,0.0
적폐 판사 있으니 문제 . 코로나 당연히 비대 해야지 . 근데 고발장 손 들어주는 적 폐가 있을것 같은게 무섭네 . 집회 하라 하는 판사 .,0.0
"교회 사업 장이 하여 집합 금지 대한 손해배상 , 정부 원금 배분 요청 안하나요 ?",0.0
우리나라 교회 싹 없어져야 ~ 프랜차이즈 아니고 치킨 집 많은것 같아 ~,0.0
돈 목사 . 직접 코로나 드세요 .,0.0
미쳐도 곱 미치세요 난 십자가 바 코로나 같아 보이,0.0
반성 할 ㄹ 줄 모르는 기독교 교회 . 기독교 인간 위 종교 아니라 목사 배 채우기 위 장사치,0.0
교회 피해 입었다 ? 먼 소리 ? 신도 다치면 안되는거지,0.0
주 겨 버리고 ㅅ ㄷ,0.0
뻔 뻔하기가 양 아치 양심 헌금 해 버렸나 ? 종교 참가 치를 모르는것이 감히 국민 위 설려고 천하 몹쓸 놈 있나 니 목사 ?,0.0
"사이비 하여간 문제 , 니 이단 단 .",0.0
대한민국 교회 정말 없애 버렸으면 좋겟습니다 . 온갖 악행 서슴없이 저지르면서 하는님 믿고 착하게 살라 하니 ....... 모든 교회 대한민국 추방 해 버려야 합니다 .,0.0
"이로써 기독교 관심 국민 국 리민 복 관심 없음 명명백백해졌다 . 관심 있는건 "" 돈 "" 뿐 사실 ~~~~~ 역겹다 . 종교 이렇게 혐오 적은 처음",0.0
종교 단체 아니라 태러단체 .,0.0
비대 하면 하나님 예배 안 받아주나구여 ㅠ,0.0
교인 명 없는 교회 목사 사과 하는 물 타기 해서 인기 얻으려고 ? 니 영웅 되고 ?,0.0
헌법 상 종교 자유 란 국민 개개인 종교 갖던 말던 국가 간 하지 않는다는 뜻 생각 되죠 . 신앙 내세워 공동체 해악 끼쳐도 된다는 말 아닐텐데 ~~,0.0
기독교 사라지는 그날,0.0
한반도 교회 맹신 하는 해충 존재 민족 대 재앙 ~ 하루속히 살충 재 박멸 해야우리 민족 평화 온다,0.0
우리나라 교회 판사 없었으면 진즉 선진국 되었음 참고 판사 앞 AI 대체 해라,0.0
성당 오늘 대면 교회 안되는거냐 ! 성당 절 되고 교회 안되니 ?,0.0
MBC 스트레이트 보니 예수 이용 국민 우롱 하고 도둑 놈 소굴 사랑 빙자 코로나 전파 하고 교회 개판,0.0
위기 싶으니 손절 하는 같네 . 쑈 같어 .,0.0
저런 교회 없애주세요,0.0
그나마 정신 제대로 박힌 교회 있구나 .,1.0
하나님 믿지 목사 맏 ?,0.0
정신 나간 교인 예배 보다 한 인간 생명,0.0
자유 / 넘치니 / 개판 ㅡ 군사독재 / 정부 / 딱이다 ㅡ,0.0
"신천지 사랑 교회 개신교 권위 추락 시켜 안타깝다 . 저런 악마 배후 세력 , 기득권 빌붙 어사 대형 교회 , 뉴라이트 ~ 표 넘 보고있는 보수 세력 문제 .",0.0
냄새 태극기 좀비 놈 이제 사람 고발 했다는 거 아닌가 ?,0.0
한국 기독교 코로나 사태 뒤 돌아보고 반성 해야 한다,0.0
"중국 국경 폐쇄하 않은 문재인 수사 하지 않느냐 , 울산 시장 부정선거 주 범 수사 거부 !",0.0
년전 인간 숭배 종교 아무 생각 없이 따라하는 멍청한 사람 .,0.0
특히 놈 전도 질땜 더욱 역겹다는 .. 좋다고 남 똑같이 강요 하는 짓거 린 ㄷㄴ 공산주의 전체 독재 주의자 더뻔 뻔하고 더러운 이기주의 뿐,0.0
니 나인 간 답 살아라 .,0.0
공산당 종교 위 존재 하면 그건 종교 아니야 .,0.0
미치면 약도 없는것 자비 치료 벌금 물 감옥 가라,0.0
말 안해 알아서 하고 있네 . 정치 방역 기독 교회 탄압 하지 마시오 .,0.0
기 서도 남북 교류 쳐 얘기 하고있네 덜 떨어진 새끼 ....,0.0
쌩쑈 그만 하슈 문씨,0.0
죄인 동안뭐했는지 소상히 밝혀라 ~~,0.0
뭔 소리 달님 영창 ~~~~~~ 가는 길이 정해진 수순,0.0
놈 없는 대한민국 살 싶다 .,0.0
전광훈 얼빠진 목사 설교 대통령 축사 은헤 됩니다 .,1.0
기독교 욕 첨부 터 니 잘 햇 으 면 왓 겠나,0.0
기독교 탓 그만하세요 . 이제 교회 잘 하고 잇쟎아 . 교회 곳 많이 나오면 핑 거리 없쟎우 ?,0.0
갈라 치기 ...,0.0
기독교 기독교 뿐이오 똥물 같은 정치 판 끌어 들이지 마시오 . 일부 빗나간 교회 지도자 인하여 기독교 전체 묶지 말란 말 이오 . 본인 책무 잘 하시오,0.0
세 상의 빛과 소금 되라 바이러스 되지말고 ~~,0.0
중국 입국 금지 시키면 코로나 극복 아니라 종식 됐을것이다 .,0.0
도대체 예수님 섭리 뭐 ?,0.0
남탓 ㅋㅋㅋ,0.0
중국 이나 입국 시키지 마세요 이제 코로나 그만 이용 하지 예배 방해 마세요 두렵지 안습,0.0
재발 교회 가면 하나님 믿어라 !!! 먹사 믿지말고 .,0.0
집값 잡아주세요 자신있다더니 머 하시나요 ??,0.0
세 업자 죽 난뒤 .... 한심하다 .. 민주주의 나라 필요없다 아무 책임지지 않는게 민주주의 ... 라이,0.0
코로나 정치 하는 넘,0.0
청와대 공정하게 하면 됩니다 제발 남탓 그만 하세요,0.0
제발 할 제대로 지시 하던지 . 국민 아카펠라 공연 보고싶다,0.0
! 인간 ! 니 탁현민 쇼 안 하면 주 끝나 . 엇 따 대고 남 다리 긁어 ?,0.0
재앙 정권 몰아내자 기독교 발갱 들의 박해 핍박 일어나라 이러다 공 산화 되면 교회 사라진다 북한 지하 교회 목숨 걸고 배드 린다,0.0
북한 어케 할꺼냐고 ? 말 만 치울꺼야 ? 대응 안해 ? 옛날 김선일 씨 처럼 걍 죽으면 그런 갑다 ~~ 하는거야 ? 임기 기간 조용히 조용히 잘 넘어가자 하면 되는거야 ?,0.0
일급 코 메디 ㅎㅎㅎ,0.0
교회 정치 판 끼어드냐 . 니 덜 할 일해 ..,0.0
기독교 때문 코로나 잡지 못 한다는 뜻 같네요 일부 그런 전체 교회 뒤집어 씌우지 맙시 많은 교회 이안전 수 칙 잘 지키고 좋은 많이 합니다 거론 하지 않지요,0.0
"좋은 의미 인척 얘기 기독교 마음 안 모아서 코로나 종식 안된것처럼 얘기 하지 마라 ~ 디아스포라 , 예수님 섭리 알고나 말 하는건 지 문재인 코로나 방역 실패 문재인 코로나 정치 방역 대성공 !!",0.0
문제 인 대루 대한민국 무시 안당 최고 국가 된다 ㅎ,0.0
어벙 니 . 국민 . 뜻 버리는 인간 . 도리어 부탁 하냐 . 적반하장 . 뻔 뻔함은 어디서 나오는 개냐,0.0
문 통 초심 돌아가 믄 가능하다,0.0
니 가왜 거기 서나 문재인 거기 서나 국내 정치 말 못 미친거아냐,0.0
북한 한텐 찍 소리 못 여기저기 개 소리 다니네,0.0
기독교 국민 마음 모아 달라 ? 정신 ? 국민 마음 갈갈 편 갈라 놓 은 누군데 이따위 헛소리 ?,0.0
결론 코로나 기독교 탓 돌리는거지 . 정부 시키는대로 했는데 ... 일부 교회 교인 어디서 감염 된 건가 ? 교회 발 교인 어디서 감염 된 건지는 안 밝히나 ?,0.0
""" 지금 해왔듯이 "" 말씀 하셨는데 지금 뭘 해왔다는 것입 ? 방역 방해 거짓 진술 인해 엄청난 방역 혼란 초래 걸 아시고도 그런 말 하십니까 ?",0.0
헛소리 말 그랬냐 ?,0.0
사랑 합니다 축복 합니다 감사합니다,1.0
기 도교 입 ? 대통령 할 발언 아니죠 온 국민 아님 모든 종교 계 이렇게 표현 하세요 발언 국민 기독교 원망하는 발언 입니다,0.0
코로나 기독교 달렸나 어째 생각 모양 일까,0.0
교회 모이 말 소리 알아듣겠니 ..? 성 경 모임 갔다가 어린이집 애 집단 감염 시키고 양심 있어야지,0.0
신도 돈 받으려고 대면 얘 배하려고 하니까 . 예수 쟁이 들이 협조 할까 ?,0.0
문재인 대통령 종교 정치 이용 하지 말기 바랍니다 . 변해가는 문 대통령 보며 안타까 움 뿐입니다 . 옳은것은 옳다 아닌것은 아니다 할 줄 아는 대통령 이기 바랍니다 .,0.0
문재인 정부 코로나 정치 하시는 너무 좋아하신다 그렇게 기독교 탄압 하면 나중 국민 맞아 죽어요 언론 믿음 사람 욕 두 눈 보고,0.0
기독 교가 코로나 생산 공장 방역 철젛 무식한 소리 만 해,0.0
속죄 의미 이참 세금 부과 시작 하자,0.0
"신학대 학교 부총 장이 목사 우연히 저녁 먹었다 . 자는 정부 기독교 말살 하는 정책 가지 있다고 했고 , 친구 이천억원 소유 부자 헌금 크게 안 한다고 밥 먹을 헐뜯었다 .",0.0
코로나 기독교 협조 안 한거 뭔 데 일부 모든 책임 전가 하기전 국가 원수 로서 책임진거 말씀 해보세요 비겁하게,0.0
기독교 질렸음 전광훈 이단 인정 안하 눈데,0.0
총살 화형 당 한 사람 대해 아직 언급 없네 소시오패스 대통령 자리 있다니,0.0
입 침 발랐나 ?,0.0
뭘 모르시면서 명 확진 됬다는 근거 없는 기사 작성 하셨네요 광덕사 작은 사찰 유명하지 않습니다,0.0
문화재 관련 산이 불교인 위 예산 인양 보도 폄해 하는자 들은 국가 전통 부정 하는것 같아 듣기 민망하네 .,0.0
"임종 명 기자 님 , 조계종 코로나 조용하니 불교 계 헛 뜯는데요 . 당 연 정부 지원 받아야지요 . 언론사 아니시면 어떻 할거요 !!!",1.0
하옇튼 교회 놈 ....,0.0
추경 하는 이유 문재인 인심 써라고 하냐 종교 추경 써 가며지 원할만큼 돈 남아도,0.0
자가 돈 해 꽁 짜 돈 ? 걱정 됩니다,0.0
절 교회 돈 주지마라 ... 신도 피 빠는 모기 ......,0.0
국보 문화재 바이러스 걸리나요 ? 문화 재치 로비 필요한가요 ? 절 손님 떨어져 영업 손실 보존 해주라는 말 ?,0.0
시 주 금 하세요 . 스님 외제 고급 차 몰고다니고 제일 팔자 좋은 사람 아닌가요 ?,0.0
조계종 나눔 집 대해 해명 해,0.0
"중 님 ! 국립공원 입구 출입 세 받는 행위 그만 하세 요절 입구 받으면 될 걸 길 지나는 사람 무조건 ? 본인 합리 성 , 상식 없으면서 상식 요구 하십니까 ?",0.0
ㄱ 레기들 온갖 가짜 뉴스 도배 해서 국민 혼란 ㅅ 럽 한,0.0
조계종 .. 돈돈 돈 ... 국립공원 통 행세 ( 문화재 관람 료 ) 없애라 !!,0.0
관심 법,0.0
천문학 적 액수 문화재 관람 료 가고 ? 정부 예산 ? 수행 불 싸움질 하지 ~~~,0.0
"불교 만 지원 ? 개신교 예배 못 봐서 너무 힘들다는데 , 천주교 더 힘든다는데 , 떼 쓰나 ? 불교 계 국회의원 알아서 해주 , 후원 국회의원 잘해주니 , 런가 ? 종교 조용하네 .",0.0
국민 세금 특정 종교 지원 ?,0.0
관리 위 비용 관리자 인건비 주 시오 ..,0.0
공원 입장료 참여정부 이미 없어졌어요,0.0
"코로나 교훈 모든 사람 동안거 , 하안거 하는 스님 독거 생활 하라 의미 듯 ,, 나무 관세음보살 .. 천주교도 비슷한 카르 투 지오 수도회 있습니다 . 밥 안 먹어 ..",0.0
그걸 그대로 믿고 확인 안 상주시 대단하다,0.0
모든 강대국 거친 일이 긴 하지,0.0
불쌍한 위 그루 사람 ㅠㅠ,0.0
ㅋㅋㅋ 전세계 이슬람 테러 조직 발끈 하는 소리 들리냐 ㅋㅋ,0.0
냅 둬 . 무슬림 원한 사면 피곤해질 게다 . 문제 생기겠구나 . 외형 구분 안되어서 .,0.0
터키 뭐 하냐 ! 같은 투르크족 무슬림 위구르족 탄압 하는 중국 단교 해야 투르크 맹주 터키 할 의무 아닌가 ? 에르도안 투르크 이슬람 맹주로 중국 단 교하 !,0.0
시국 이기 종교 탄압 ?,0.0
중국 입장 종교 자유 억압 하는 당연하다 . 종교 자유 있으면 그게 민주 자유 국가 공산 독재 국가 아니다 .,0.0
ㅍㅎㅎㅎㅎ .. 간만 웃겼다 ! 기독교 탄압 ? 코로나 때문 대면 예배 금지 때문 ? .. .. 재미 지다 .. ㅍㅎㅎ,0.0
탄압 뭔 줄 ㅋㅋ 찐 따,0.0
종교 믿는게 아니라 전씨 믿는거잖아 종교 탄압,0.0
니놈 공산당 민주주의 국가 발전 위 비판 울 할수있지 ??? 발전 위 비판 할수 없는 공산당 무식한 내 로남불 ?? 친중파 역병 쓸어 버릴것이다,0.0
지긋지긋 하다 개독 . 바뀌 벌레 못 한 ... 쯔쯔쯔,0.0
정신 줄 놓은 사람 정말 많네 . 시국 명 ? 핸드폰 끄고 ? 거 뭐 하는 겁 ? ... 진짜 ...,0.0
안 돌아 다니니 지출 확실히 줄어들었는데 너무 갑갑하다 .. ㅠ 적당한 지출 경 순환 되는건데 .. 코로나 힘들어야 하는가 ㅠ,0.0
"교회 코로나 전파 주 범인 처럼 과장 보도 하고 .. 유흥업소 , 먹자 골목 가봐라 쪽 감염 되서 교인 전염 될 없겠냐 ?",0.0
목사 주님 말씀 전파 하는게 아니라 코로나 전파 있네 . 교인 그걸 보면서 참지 ? 본인 가족 죽 수도 있는데 방관 하지 ?,0.0
xxx 들아 그만 해 사람 죽일 셈 예배 할려면 방역 수칙 지키라는데 ~ 하라 쫌 해라 예수 사람 코로나 전파 더냐 아예 집집 방문 해서 전파 하지 ~~ 진짜 지긋지긋 하다 이제,0.0
관공서 가봐라 가보고 기사 쓰라,0.0
역시 .... 교회 일빠,1.0
기자 쓰레기 ..... 쓴다고 기사 되는줄 나본 데 ..... 놀지말고 기사 다운 기사 써라 .,0.0
징글징글 해 아직도 교회,0.0
"노래방 띄어 앉으면 된다 하고 . 공연 하고 있고 . , 뉴스 마스크 없이 하고 가수 . 트로트 무수 히 노래 * 랄 설교 자만 마스크 흐 하라 거 ? 공정하냐 ? 도대체",0.0
기사 수준 이하 생각 됨 . 어거지 어거지 ... 방송 드라마 뿐 아니라 TV 나오는 모든 사람 마스크 안 쓰고 나오면 ... 명단 만들어서 꼭 기사 올려요 . ㅋㅋㅋ,0.0
전세계 차 대유행 데 우리나라 종식 된줄 아는 사람 때문 너무 위험합니다,0.0
클럽 . 한강 . 술집 . 운동 하는 곳 . 촬영 . 안 써요 ... 교회 욕 !~~~,0.0
확 진자 조사해 미경 확 진자 경 각심 없냐 ?,0.0
마귀 같은 목사 ...,0.0
단계 격상 쟈 ㅡㅡ,0.0
목사 사회 악 ... 없어져 야할 직업 조직 ..,0.0
방송국 나와서 발표 하시는 분 마스크 쓰시 인정 할께요 설교 회중 간 거리 미터 정도 되는데 태클 걸지 마세요,0.0
교회 문제 . ! 종교 단체 제일 잘 지켜야 하는데 ... 그러면서 신은 믿 읍 ?,0.0
M 거리 두고 설교 하는데 뭐 문제 ?,0.0
모조리 확진 되서 죽어라,0.0
공산주의 싫어요 주사파 토나옵니다,0.0
교회 이해 못 주 장창 욕 하다가 저번 준가 친구 기다린다고 따라갔는데 왠만한 코노 음식점 더 철저해요 손소독 열 체크 비닐 장갑 거리 둠,1.0
기도 해 아저씨 집 구석,0.0
여태 하는 짓 보고 소리 나오냐 ! 코로나 일로 교회 기적 모습 보였는데,0.0
설교 밥 쳐 먹으면서 하냐 ?,0.0
전광훈 목사 님 알 그런 소리 하시지요 . 나라 공 산화 되어가고 교회 탄압 받는데 그런 느끼지도 못 외면 하는 분 가짜 . 정치 방역 하는게 누군데 .. 정치 거짓 방역 안 하면 대한민국 살아납니다 .,0.0
방송 잡아 거두세요 . 방송 도 마스크 안 방송 하니까 . 편파 적 사고 버리시고 상식 맞게 생각 하세요,0.0
나도 북한 공산당 싫어요 태 호도 싫고 ...,0.0
개 가운데 군데 나왔으면 교회 방역 수 칙 잘 지키고 있다는 말 !,1.0
말씀 . 영업 장이 던데 . 사람 목숨 귀한줄 모르고 헌금 착취 하는 곳 던데 . 나서 바이러스 일반 시민 공짜 헌금 . 쯥쯥,0.0
종교 이쯤 되면 사회 악 중 최대 해악 특히 개독교 몸 정신 완전히 망친다 마약 더 해롭다 생각 한다,0.0
코로나 우리나라 지키기 위해 꼼꼼한 대응 하시는 모습 정말 멋집니다 . 노력 우리나라 코로나 이겨 낼 수 있게 할 믿습니다 .,1.0
확 진자 발생 시 모든 책임 져야겠지요 . 절대로 국가 무료 치료 해주는 없다 . 형사 처벌 감수 해라 .,0.0
"국가 시민 안전하게 지킬 의무 . 있죠 . 무료 치료 당연히 국가 해야 할 일이 , 형사 처벌 ? 고소 하셨어요 ? 본인 못 할거면 말 하지 마세요 .",0.0
본인 나라 뜨시면 되겠네요,0.0
종교 자유 아니죠 대면 예배 자유 나와 내 가족 안전 중요하고내 직장 더 중요합니다 악마 들이네요,0.0
"개인 자유도 일부 제한 되고 , 자발 적 양보 하는데 종교 뭐라고 !",0.0
전 국민 목숨 달린 위기 상황 종교 자유 운운하는것이 .....,0.0
너무 당연한거 아닌가요 상식 모르는 위인 판을치니 원 !,0.0
한 달 모든 종교 모임 금지 합시다 .,0.0
기독교 프로 대면 예배 하겠다는거네 라이,0.0
전 국민 의무 못 하는데 일부 자유 왠 말 이냐구요,0.0
~ 사이비 전광훈 때문 전광훈 아니었당 연 ? 기독교 이리 욕 얻어 먹을 ?,0.0
"믿음 자체 중요한 거지 꼭 대면 해야 된다는 ? 뭘 대면 한다는 건지 , 신 거기 있다는 건지 , 헌금 직접 내야 된다는 건지 아님 목사 ? 사회 구성원 누릴거 누리면서 편의 제공 받는데 -",0.0
종교 자유 여론조사 통해 결정 하나요 ? 우스운 발상 이군,0.0
ㅡ 몸통 있어야 ㅡ 머리 있고 ㅡ 머리 있어야 종교 있지 ㅡ 지금 몸통 죽는데 ㅡ 뭔 종교 자유 ㅡ 당분 휴업 ㅡ,0.0
기사 끝 뭐 .. 잘 나가다 ㅋㅋㅋ,0.0
쓰레기 언론 연합뉴스 가짜 뉴스 유포 벌금맞은 연합뉴스,0.0
최근 신문 읽은 글 중 어지러운 시대 핵심 찌른 최고 글 생각 입니다 . from senior citizen,0.0
사람 보고 믿는 종교 폐해 지금 코로나 시대 극명히 드러났다고 하겠지요 . 어차피 종교 사업 양 산업 입니다 . 뒤면 기독교인 반 줄어들겠지요 . 사태 더 빨 겠지만,0.0
모이 말라는데 모여 ㅋㅋㅋㅋㅋㅋ 단계 올려도 안 지킴 걍 단계 없애라 ㅋㅋㅋㅋㅋ 알아서 지 몸 지켜서 오래 살아라 살고싶으면,0.0
당연히 징계 해야지 헛소리 하는지 . 검찰 ? 자가 식구 싸기하게 ?,0.0
성경공부 열심히 하라 파면 시켜 드려야지 .,0.0
이제 기독교 치가 떨린다 .. 정신 나간 서울시 공무원 반듯이 징계 해야 합니다,0.0
성경공부 열심히 해서 목사 하세요 . 공무원 증 반납 .,0.0
종교 모임 금지 기간 아니더라도 . 하지 말아야 했던거 아님 ?,0.0
"성경 인간 만들어 낸 허구 ..!! 야훼 말 없는 존재 형체 없고 , 성경 구라 ..!!!",0.0
신천지 폐쇄하 뭐 ~~ 개신교 활개 치는데 ~~,0.0
재난 문자 서 계속 알림 뜨는데 모를 수 있나 ? 금지 기간 몰랐다고 답변 그건 변명 불가하다,0.0
당연히 중 징계,0.0
진실 하나님 바이러스 한 태 못 이긴다는거,0.0
먼도 소리 . 방송 수십 차례 나와서 지나가던 개두 알겠던데 은근 식구 감싸기하려고 하는거지 ? 반시민 똑같이 법 엄중 처벌 !,0.0
구상권 청구 보겠어 .,0.0
인간 말종 검찰 아니면서 식구 감싸기 시도 하지 마라 검찰 놈 헛 갈린다,0.0
인터넷 뉴스 회사 공문 봐도 알것다 참내,0.0
성경공부 파면 시키자,0.0
단호 하게 좀해 ~~~~,0.0
젠 복음 아니라 코로나 전파 단 불러야겠네,0.0
공무원 더 엄중 처리 해야한,0.0
당연히 징계 구상권 청구 하세요 .,0.0
그걸 말 하냐 몰랐다고 하겠지,0.0
생각 없구만 초딩 아는 대면 금지 공무원 몰랐다 ~~ 장난 치냐,0.0
개독 성경 구라 열심히 공부 해서 사기치려고 .....,0.0
정신 나가 교회 모임 참석 공무원 녀석 징계 해라,0.0
예수 하나님 허상 만들어 사람 현혹 시킨 사기꾼 먹사 예수 팔이 하나님 팔이 하는 사기꾼 불가한것을 거기 현혹 되서 인생 허비하는지 제발 현혹 된 허상 깨어나길 간절히 바 본다,0.0
기자 님 이제 그만 합시다 .,0.0
코로나 걸린 사람 징계 해야지 . 공무원 징계 . 코로나 걸린 사람 죄인 .,0.0
김구라 씨 욕 하는거 아니죠 ㅋㅋㅋ,0.0
당연히 징계 해야지 .. 공무원 더 조심하고 하지말라고 했는데도 어겼으니 징계 ... ? 공무원 거기 서울시 집합 명령 내렸는데 지 들이 하면 안되자 ...,0.0
내 이럴줄 알았다니까 ? 다시 단계 해 이제 겨울 ... 호미로 막을거 가래 막지 ㅠ 근 시안 적 생각 하지 멀리 내다보면 안될까 ?,0.0
제발 치료 해주지 마 ! 자꾸 치료 해주니까 정신 못 차리고 수련 회하 모임 하자나요 하느님 그렇게 믿으면 하느님 치료 해달라고하라 해 뒤 두고 못 나오게 해주세요,0.0
해외 유입 확 진자 입국 금지 불법체류자 강력 단속 해서 추방 깜깜 무증상 감염 불법체류자 강력 단속 해서 추방 조선족 중국 외 노자 돌려 보내라,0.0
단계 개인 위생 마스크 방역 단계 입니다 . 제발 말 들읍시다 .,1.0
이러다가 거리 두기 단계 겠네 마스크 착용 최고 방역 입니다,1.0
제발 진짜 징글징글 하다,0.0
떼거지 모인 사람 치료 비 받아라 ~~,0.0
... 지겹다 .. 지겨워 ... . 수능 !!!! 수험생 생각 안 하냐 ? 백신 나오냐 ㅠㅜ 젠 지 라그 진짜,0.0
계속 퍼지고 잇는대 단계가말 입 ? 방구 ㅡㅡ,0.0
수련 회 ... ㅠ ...!,0.0
"초 , 중 은 코로나 절대 안 걸리고 , 교회 밀집 높아도 학교 매일 등교 강요 . 이상한 코로나 일세 . 코로나 사람과 정소 봐가며 전파 되나 ?",0.0
단계 선포 한지 하루나 지 낫 ? 너무 앞서가는것 햇 ㅠ,0.0
종교시설 제발 수련 회,0.0
바하 마라 해외 유입 생각 해라 무능한 정부,0.0
해외 입국 제한 못 하면 국내 감염 자수 절대 줄어들지 않습니다 ! 거리 두 만 강요 하나요 ?,0.0
사흘 수련 회 말 되나 지금 같은 ??,0.0
교회 수련 회 해서 세뇌 지속 적 해야 믿음 지속 되는 겨 ? 다단계 합숙 시키는거랑 비슷한 겨 ? 없어 ?,0.0
"이런데도 단계 ? 교회 감염 된 사람 , 치료 비 부담 하는 법 만들어 주세요 !",0.0
"모이 말 그렇게 신신당부 했는데 ㅜㅜ 벌금 내야 정신 차릴듯 싶 읍니 법칙 지켜 야하는것 , 바이러스 감염 엄중하게 ~~~~",0.0
해외 쫌 막아라 !!!! 제발 !!!!,0.0
단계 하루 대책 없네 정부 보고있나 ?,0.0
막으면 경제 죽어요 . 들어오기 전 자가 격리 하고 괜찮아요 .,0.0
정부 탓 ? 풀러줘다고 그걸 악용 한 사람 잘못 특히 종교 단체 좋아져 서으니 서로 조심 보고 한 겨 뿐 그대 그걸 이해 못 하구 니 이리 이렇구 했자 나하 핑계 뿐,0.0
영구 적 막는것도 아니고 기도 막는것도 아니고 당분간 집 하라 데 뭐 문제 ? 미친것 들아 태풍 오는 날 바닷가 기도 해 !! 안 하지 ? 되 질까봐 안 하잖어 ? 이웃 사랑 죽 하늘나라 보낼려고 하네,0.0
이단 보네 .. 삐 뚫어진 기독교 가치관 ?!,0.0
없는걸 있다고 믿는 뇌구조 신비 세계,0.0
빌어 처 먹을 인간,0.0
개신교 물 타기 .. ㅡ . ㅡ,0.0
왜왜 ~~ 종교 있는데 굳이 교회 이리 나오냐 ? 당연히 뭔가 잘못 하고 있다는 생각 안 하니 ? 교회 너무 많아 진짜 ~,0.0
개독 코로나 숙주 뿐 ...,0.0
ㅎㅎ 뭐 ? 개돼지 겨 ?,0.0
지 들이 퍼트 리 정부 탓 강아지 새끼 손바닥 하늘 가려라,0.0
처 돌아 댕기 말 고집 구석 비대 기자회견 해 ♪♬ 들아 바이러스 덩어리 ~,0.0
프로 종교 업 악하고 있다는 건가,0.0
종교 관념 세지면 된다 ?? 저렇게 된다 ..,0.0
삐 틀어졌네,0.0
어딜 가나 종교 문제 ! 코로나 죽는 사람 종교 때문 죽는 사람 더 많을듯 !!! 신앙심 이용 해서 사리 사욕 챙기는 버러지 너무 많다 !!! 쓰레기 !!,0.0
전광훈 같은 시 끼,0.0
ㅋㅋㅋㅋㅋㅋ 트로트 콘서트 막아라 ㅋㅋㅋ 한심한 정권 진짜 미개하 닼 ㅋㅋㅋㅋㅌ,0.0
"미스터 트롯 콘서트 보고 말 잃었다 . 집회 반대 할 명분 있을까 ? 없다고 본다 . 집회 해라 단 , 마스크 쓰고",0.0
매일 밥 먹는 식당 카페 ?,0.0
종교 집회 나와 . 미친 방역 정권,0.0
불리하면 확 진자 올렸다 내렸다 장난 치지마라 . 식당 커피 숕 전철 버스 그렇게 사람 많은데 확 진자 안 나온다 . 이상하지 조작,0.0
내일 기사 낸 기자 전화해야겠다 정보 종교 활동 넣었는지 대 위험 요인 같은 소리 자빠졌 국민 개돼지 바보 !!,0.0
비 대면 최고 방역 입니다 제사 음식 이제 현대 식 바꾸어 나가죠 절 해 바 소용없습니다 음식 쓰레기 힘들 뿐,1.0
가까운 사람 서로 위해 안전 유지 해야하는거 아닌가 . 모임 갖고 죽어도 좋다는 식 대면 하는 건가 .,0.0
오늘이 토요일 코로나 시국 집회,0.0
"사람 외출 , 등교 자제 하시고 집 머무르세요 ! 코로나 이겨내시고 응원 할 수 있어요 ! 의료 진 화이팅 하자 !",1.0
자동차 시위 금지 = 코로나 확산 우려 ( X ) 부정선거 들킴우려 ( O ),0.0
개천절 집회 ~~~ 핑계 되겠군요 완전 박정희 독재정치 독재 아니다 ~~,0.0
개돼지 아니고 그만 집회,0.0
같은 생각 하는 사람 있구나 ~~~ 그러게요,0.0
정부 특기 잖아요 덮어 씌우기 ㅎㅎ,0.0
밥 먹을 제일 위험 ~~!! 집회 마스크 끼 했지만 끝나고 밥 먹고 간식 먹고 해서 더 위험했다 ~~!! 오가는 차 안 도 ~~!!,0.0
집압 교회 주전 예배 보던데 몬소리,0.0
보수 꼴통 좌파 북한 추종자 !,0.0
독재 도무지 뭔 지 모르는건 아닐텐데 어째 ?,0.0
헌법 집시 자유 있냐 ? 국민 생면 권 국가 보호 의무 안 찾아봄 ? 그리로 기본권 충돌 할 생명 권 상위 기본권 판례 못 봄 ?,0.0
댓글 한 달 정지 시키는거 보고 미친 정부 생각 했음 전 두 한보 더한 좌파 정권 한반도 종전 ㅋㅋ 머리 돈거 같음,0.0
글쎄 발표 한 개 똥 끊을까 ?,0.0
일련정종 불교 ? 명 되고 교회 감염 되는게 아니네 ? 성당 명 되고 ....,0.0
이로써 천주교 찐이고 개신교 사이비 거 인증 됬네,0.0
교회 대한 혐오 감 점점 커진다,0.0
개신교 ... 도대체 들은 그런 거지 ? 예수님 욕 보이지 마세요 .. 기적 행동 전도 되겠어 ?,0.0
", , 개신교 대면 예배 고집 ?",0.0
착실하게 정부 지침 따른 종요 죄 ... 씨레기 행동 집단 때문,0.0
항상 .. 늘 ... 개독교 문제 ... 우리나라 기독교 있나 ? 목사 믿는 개독 뿐 .. 하나님 어디가 시 돈독 오른 목사 놈 남았냐 ..,0.0
천주교 불교 조용한데 개신교 유별날까 .,0.0
명 죽든 교회 헌금 걷으면되 ? 세금 잘 들내시는지 ....,0.0
코로나 잡힐 모든 임자 중 해야되 죠지 금 시 댄데 종교 탄압 같은소 릴 하구 ..,0.0
사망 교회 문제 아니다 ... 대한민국 교회 민낯 ... 집단 이기주의,0.0
개신교 이기심 나라 망친다,0.0
대한민국 사이비 개독 망해 먹는구나 !,0.0
종교 협조 하는데 개신교 갈등 발생 하냐 .....,0.0
빤 스 목사 문제 돈 내고 교회 다니는 교인 더 똘 ~~,0.0
제발 제발 서울 경기 지역 봉쇄 하시고 서울 수도권 사람 수도권 못 벗어나게 군부 대 동원 해서 막으셔야 하는거 아닌가요 ㅠ 부득이 하게 수도권 벗어날 땐 전자발찌 ? 그런거 착용 해서 수도권 사람 표시 하게 했음 좋겠어요 ㅠ,0.0
천주교 . 불교 . 원불교 . 천도교 비대 예배 전환 했건만 기독교인 ~ 니 그러냐 ! 예수 인해 이웃 죽여도 괜찮다고 하든 ??,0.0
진짜 욕먹기 실 정신 비대 해야지 .... 제발 목사 믿지말고 예수 믿으세요 .,0.0
분 그러드 . 교회 방 구석 가야 알아보는 방 구석 귀신 하나님 ?,0.0
. 거짓 선지자 이성경 괜히 나오는 아닌 듯 ....,0.0
돈 안 갔다주면 신도 취급 않하는 목사 한심하다 ...,0.0
교회 교인 그냥 헌금 계좌 이체 해줘라 먹사 디게 돈 밝히네 거,0.0
기독교 ~~~ 로마 가서 종교 되고 유럽 가서 문화 되고 미국 가서 기업 되고 한국 서는 대기업 되었다 결코 도산 되지 않는 철밥통 대기업,0.0
교회 지도자 안된다면 교인 나설 입니다 . 대면 예배 드리려 해도 신도 안 가면 못 드리는거 아닙니까 ? 일반 신도 나서서 상황 끌어가면 좋겠습니다 .,1.0
교인 안 나가면 됩니다 집 기도 성경 읽고 성경 쓰기 해 보세요 ~ 더 큰 은혜 받을 겁니다 괜히 교회 나가서 확진 되어 자식 손자 걸리게 하지 마세요 ~ 하나님 교회 있는게 아니고 마음 속 있는 겁니다 ~~ 아멘 !!,1.0
개독교 대가리 걸러 처 먹었던구만 .. 예수 돈 챙기는 사이비 집단 .. 테러 조직 .,0.0
이제 교회 집단 감염 나오면 사비 치료 해라 .. 신도 건강 뒷전 예배 헌금 거둬 들일라고 혈안 ..,0.0
계신 교인 살고싶지 않습니다 .,0.0
주일 헌금 때문 ?,0.0
개혁 필요한 시점,1.0
헌금 ! 헌금 ! 헌금 ! 보존 해 달라 소리 나오겠군 ..,0.0
개독 종교 ? 철학 쥐뿔 없고 ... 정신 병자 모임 같음 ....,0.0
우리나라 교회 문제,0.0
"예전 샘물교회 생각나는군요 ! 들여 인질 구출 했더니만 , 국가 상 구상권 청구 하던 생각나네요 ! 기독교 , 보수 , 일베 , 친일파 같은 이미지 , 같은 족속 같습니다 . 그냥 나라 떠나시면 좋겠습니다 ! 부탁드립니다 !",0.0
비대 예배 인해 신앙심 떨어진다면 그건 진정한 신앙심 가지 있지 않다는 증거 .,0.0
종교 지도자 신 행동 한다,0.0
사랑 합니다 ^^,1.0
개신교 이단 맞지요 목사 위주 돌아가는게 이단 뭔가 ?,0.0
"정은경 본부장 님 쉬시게 사람 바꿔주지 , 항상 피곤해 보인다 . 정도 방역 성공 적 했다고도 할 수 없으니 좀더 유능한 인재 바꿔 줌 좋은 . 어벙 밑 인재 없나 ?",0.0
젊은 사람 . 안다 녀 교회 . 신자 . 주 . 찿으면 . 박 . . 신자 ... 말 하다 . 주 . 찿 . 그러더구먼 .,0.0
백신 나올 종교 모임 안 했으면 좋겠네요,0.0
교회 땜 피해 엄청난데 교회 보상 할 생각 ?,0.0
"교회 나가는 사람 대부분 정신 적 안정 하지 않은 사람 대부분 . 정신 적 깨끗한 사람 본인 의지 믿음 해결 하려고 한다 . 토 달려고 하겠지만 , 분명히 말 했다 . 대부분 했다 아니고 ..",0.0
기독 분 코로나 걸리면 병원 가지 교회 가서 치료 하세요 사회 구성원 전혀 생각 하지 않으니 알아서 사세요,0.0
교회 가면 코로나 - 걸릴 확률 높아짐,0.0
으이구 말안 듣고 이운데는 인간 코로나 싹 쓰리 당한다 걸리면 살기 힘들 단다 말 들어라,0.0
개신교 뭐라하는데 ......... 사실 담임 목사 결정 하면 되는것이다 .. 비 대면 .......... 요즘 개신교 .. 담임 목사 권련 쥐 ..................... 물어 .. 비 대면 안 하는지 ....,0.0
한 놈 벌금 떄리고 집행 했다고 언론 나와 .... 날 니런 말 안 나온다 ... 말로 뻥뻥 ~ 거짓말 협박 하니 ... 안 먹히는거야 .... 돈 앞 장사 없다 ...,0.0
된거 ? 교회 걸리죠 ? 목사 걸리죠 제발 약 약사 병 의사 말 들어라,0.0
유독 개시 교만 대면 ?,0.0
이제 코로나 걸리면 부담 금 받아 야한다 나라 해줄거냐 코로나 걸리면 무쟈 아프다는데 후유증 심하다는데 계속 찬송가 부를꺼냐 집 인터넷 예배 보면서 불려도 되는거 아니냐,0.0
한국 이슬람 안 한다는 데 개신교 이슬람 못 한거야 ? 챙피 한 줄 알아라 .,0.0
교회 교인 매주 안 나오면 교회 떠날까봐 사람 죽든 뭘 하든 계속 오게 하려고 한다 . 정부 방침 따르며 해야지 종교 집단 잘 지키는데 개신교 그러는가 ?,0.0
니 하느님 부처님 부탁 해봐 종교 쟁이 들아 ! 아주 살수 없다 !,0.0
하느님 빙자 헌금 주 목적 . 종교 단체 세금 부과 해라 . 방역 지침 어긴 교회 구상권 청구 해라 .,0.0
사람 있고 종교 있는것이지 종교 위해 사람 존재 하는 곳 개 ** 종교 돈 돈 돈 돈 아는 개 **,0.0
개독 문제 ..... 니 아부지 리하 시켯 ?,0.0
개독 힘 보여주는군 .. 바이러스 파워 ~~,0.0
개신교 악마 .,0.0
개신교 고마 해라 정부 말 믿고 가격 리해,0.0
천주교 역시 믿을만한 종교 교신 교 놈 뭐 교회 한꺼 번 폭싹 무너져서 압사 해야겠구먼,0.0
종교 집단 클수 있는것은 정치 집단 그렇게 만들었다,0.0
하느님 있는게 맞는가 ? 법 어겨가면서 전 국민 위기 몰아 넣어라고 하느님 가르쳤는가 ? 전광훈 같은 정신 나간 사람 그대로 두는 하나님 무 얼하는 건가 기독교인 말 하는 안되서 그런 건가 아예 김정은 처럼 종교 없앤으면 어떨까,0.0
개 목사 돈 환장해 보이는게 없지,0.0
"개신교 비 협조 적 ,, 제발 !! 지겹다 치가 떨리네요 이웃 사랑 하라 실천 합시다 !!",0.0
사고 개신교 치우는건 천주교 불교 하고 ..,0.0
항상 교회 문제 자발 적 해도 모자랄 판 뭐 종교의자유 ? 종교 자유 안해 비대 하냐고 ! 개독 소리 듣지 . 하는 만큼 받는거야,0.0
성당 종교시설 아닌가 ? 교회 예배 드릴 수 없는데 성당 미사 드릴 수 있게 허용 해주는게 나라 법인 ? 대통령 천주교 신 자라 봐주는건 가보네 .,0.0
기 본 수 칙 잘 지키는 예배 상관없어요 . 모여 마스크 벗고 밥 먹고 기 도회 하고 그걸 하지 말 거 ~~ 안 지키니까 국가 예배 하지 말 거고 ....,0.0
개신교 나라 망치 제대로 된 개신교 원로 바른 소리 안하는걸 까 지금 생화학테러 하고 있는 나라 국민 도탄 빠뜨리고,0.0
개신교 말 안 들어 쳐 먹어 .. 이러니 개독 개독 일수 없는듯,0.0
"중국인 입국 허용 , 쿠폰 남발 , 연휴 남발 , 여행 독려 구상권 청구 안되나요",0.0
기독교 빼고 종교 잘난줄아나 ? 무교 천주교 불교 . 신 이나 우상 믿어 ?? 사람 기본 사람 이우선 . 댓글 보면 한 심 . 단순 무지한 사람 많네 . 마스크 잘 끼고 손발 잘 씻는거 유치원 애 도아 거 . 기본 집구 석 이나 깨끗하게 살아라 .,0.0
절하 성당 이제 비 대면 바꾸나 보네,1.0
"지금 기사 나온 종교 천주교 , 불교 , 원불교 , 이슬람 , 천도교 비대 안 진행 했다는 말이잖아 ? 이건 그냥 극히 일부 핑계 싶어서 교회 찍어 누르고 싶은거지 ?",0.0
강경화 장관 님 항상 응원 합니다 !! 힘내시구 ~ 국민 하겠습니다 !! 화이팅 ~,1.0
코로나 대한 언론 어때서 ?,0.0
기독교 목사 조폭 출신 고문 경찰 출신 성범죄 출신 하지요 안수 기도 받음 통과 통과 감히 천주교 비교 할 깜냥 됩니까 ? 와중 대면 예배 하겠다고 우기 진짜 민폐 덩어리 세금 축 내는 종자,0.0
부끄러운줄 모르고 반성 할줄도 모르면서 예배당 소리 지르며 회개 한다 그러면서 이웃 고통 주는 이상한 집단 감히 예수 이름 외치 돈 환장한 모습 수많은 교회 보이면서 일부 교회 ? 세치혀로 함부로 예수 언급,0.0
직접 모이 않더라도 온라인 헌금 할 수 있게 되어서 헌금 자체 직접 모이 않아도 걷을 수 있습니다 . 직접 예배 드리는 돈 걷기 위해 그런다는 식 볼 필요 없음 .,1.0
관상 신기하게 맞죠 . .,1.0
미친 소리 장난 치냐 ? 막말 ㅋㅋ,0.0
예수 이미 죽은 사람,0.0
전광훈 목사 까불면 하나님 죽는답니다 .,0.0
왜냐면 수금 해야 거든요 수금 수금 일주일 한 번 수금 .,0.0
개 나소 목사 질 하니 돈돈 돈,0.0
몰라서 묻냐 호구 돈 계속 들어오는거 챙길려고 그러는거지 전도 개뿔 ㅋㅋㅋㅋ 교인 하는 사람 정신 차리세요 . 목사 하는 사람 돈 뜯겨도 님 건강 챙기시고 에혀 .... 호구 호구 없다 ㅋㅋ,0.0
현금 수금 . 계좌 이체 표시 .,0.0
순교 답 생각 할껄,0.0
어린이집 살 애기 마스크 잘씁니다 하루 종일 쓰고 있는거 보면 안쓰러운데 지금 확 진자 퍼트 리 있는 뭡 국민 죽이려는 심산 진짜 열 받네요,0.0
물어볼 필요 뭐 있음 이유 돈 이외 뭐 ㅋㅋㅋㅋㅋㅋ 있을 리가 없지 ㅋㅋㅋㅋ,0.0
전염병 자꾸 국립 의료 원 근무 할 의사 숫자 늘리려고 그러는거 임,0.0
"세계 어딜 가나 종교 분열 , 전쟁 , 살인 일으키는 사회 악",0.0
"사진 싫다 . 종교 , 집단 행동 , 여자 히잡 강요 남자 종교 행사 랍시고 . 윗 옷벗는것도",0.0
종교 경도 되는 인간 ... 신은 땅 마음 안 있을수 있음에도 밖 찾는 대부분 인간 .. 신 있어도 마음 들어오지 않으면 의미 았 능가 ?,0.0
종교 쟁이 덕분 전세계 전염병 죽게 생겼음 ...,0.0
정신병 . 종교 정도 있어야지,0.0
나라 사이비 날리 치는 구만 ㅉㅉ,0.0
추석 지나면 이처럼 될까 걱정,0.0
법 사회 규율 못 지키는 종교 탄압 운운하나 .,0.0
""" 수 천명 신도 페트로파블 로프 카 마을 채식 만 먹으면 살아갔다 . "" 동아 기 더기 맞춤법 공부 안 하고 입사 ? 수 천명 , 먹으면서 . 제발 기본 지켜라 . 기사 잘 쓰라는 말 안 할 .",0.0
푸틴 .. 대한민국 얼빠진 전광훈 .. 주옥 순이 국민 짐 어케 안되겟니 ?,0.0
사이비 언론 동아일보,0.0
우리나라 자칭 개독 수 전광훈 .... 나중 썩고 더곪기전 잡아들여라 ....,0.0
우리나라 사이비 개신교 많은데 싹 쓸어 버려으면 좋겠다,0.0
울 나라 그런 종자 많을거다,0.0
빤스 똑같은 식 키,0.0
시베리아 전광훈,0.0
푸틴 수입 하자 ~ 지겹다,0.0
한국 기독교 양호 하네요,1.0
이런건 진짜 본받아야한 사이비 깨끗이 청소 답,1.0
사람 분장 하는 성의 있네,1.0
ㅋㅋㅋ 개독,0.0
한국 형 예수 ? 전 . 광 . 란 ?,0.0
이런건 보고 배우자,1.0
우리나라 예수 천국 . 온나라 예수 득실 . 목사 예수 나라 .,0.0
수 재림 기쁘다 구주 오셨네 !,1.0
"한국 교회 목사 약한데 그걸 가지 호들갑 .,",1.0
우리나라 저런 놈 맨 천지,0.0
전 공훈 조중동,0.0
예수님 감옥 갖혔 지옥 빨리 오라 연락 올거야,0.0
십자가 보내 부 할하는지 보자,0.0
우리나라 더 많다 . 전 수조 사해 모조리 잡아들여야 한다 .,0.0
약해 !! 대한민국 하나님 이기는 목사 있는데 뭘 ~~,0.0
모자라는 사람 러시아 꽤 있네 . 우리나라 개신교 지리 훨 났다 .,1.0
잣 중 동의 해악 비 하면 쟈 들음 끔이다 .,0.0
전광훈 이렇게 햇 엇어 야해,0.0
빤스 목사 최대 라이벌 납셨네 빤스 긴장 해라,0.0
한국어 잘 안되는 기자 ...,0.0
"채식 먹으며 , 버 물린 놀랍지도 않다",0.0
불쌍한 인간 짠하다,0.0
추석 연휴 이후 폭발 하지 않길 기 도합 니 다지 발 ㅠㅠ . 학교 발 주 라도 가길요,0.0
교회 종교시설 문 닫으세요 강제 집행 요구 합니다,0.0
교인 수 교회 값어치 겨져서 매매 되고 세습 가능하고 .... 대형 교회 목사 전 별 금은 수 억 수십 억원 ! 돈 출처 신도 내는 여러가지 명목 헌금 사실 !,0.0
개신교 방역 철저히 해도 프로 해결 될것,1.0
종교 민중 짐 되어 버린 세상 . 종교 정치화 큰 문제 .,0.0
~? 때껏 ? 종교시설 비 대면 교회 했단 말 ? 성당 ㆍ 사찰 ㆍ 종교시설 냅 두고 ? 제사 한다는 거 ~!! 풉 ~!!,0.0
눈 피해 새벽 예배 드리는 교회 머 하자는 건지,0.0
정말 사회주의 할려고,0.0
하지말라면 ... 소상 공인 . 자영 업자 .. 일자리 잃은 서민 ... 파산 직전 ... 돈 눈 먼 개 목사 ... 정부 뭐 하냐 ... 구상권 청구 .... 쫌 쎄게 족쳐라 ...,0.0
교회 예배 강요 하면 이웃 고통 받는것만 알아주시길 ㅠ,0.0
성가 하지 않고 조용히만 하믄 되는데 전광훈 울부짖고 노래 .. 그러 믄 백발백중 .. 집 비 대면 해도 되잖아 .,0.0
"동네 목사 성당 , 절 놔두고 교회 예배 못 하게 한다고 불만 말 하며 유튜브 예배 하느데 헌금 안 들어온다면 울 상이 였는데 속 세 큼이나 내 말 싶었다",0.0
그냥 종교시설 패쇄 해라 법 모든 종교시설 기부 헌금 모든 행위 위법 해,0.0
교회 성당 아니라 개신교 천주교 해야 정상 이지 . 기자 라면 상식 알아야 . .,0.0
사회주의 종교 없지요 ?,0.0
속출 기준 ? 개신교 만 그런다고 징징대니 하는 건데 ..,0.0
많은 사람 피 해주는 민폐 끼치면서 뭘 위해 기도 절 하는 걸까 ?,0.0
뉴시스 제일 문제 된 교회 빼니 ? 이제 기네 기 소리 듣는것도 안 창피하지요,0.0
종교 마약 천만배 강한 중독 성 가졌다 한번 빠지면 끝,0.0
세금 내 종교 단체 세금 내고 하면 되죠,0.0
얻 방역 청 승격 몆 명 모였 드냐 누 군 되고 안되고 알 되나 정작 지켜 야하는 정부 질 별 본부,0.0
교회 모범 보여야 하는데 시범 보이니 문제 ~~~,0.0
서울시 예배방해죄 . 직권남용 . 종교 자유 억압 . 코로나 사기죄 고발 해야 한다 . 모든 종교 단체 들고 서나 항의 서울시 고발 하세요 .,0.0
덕분 애 데리 미사 보기 겁나서 성당 못 감 이웃 피해 주는게 신앙 인 맞나 ?,0.0
"종교법 강화 답 , 세 뇌교육 이기는 법 만들어야 한다 ,",0.0
개신교회 방역 철저히 해도 된다 ! 엄 종교 들먹이지마라 물 타기 하려는거 안다 !,0.0
"내 볼때 코로나 자연 대한 인간 도전 대한 신의 심판 . 창조주 있다면 ... 존마 , 그만 나대 !!!!!!!",0.0
단계 계속 유지 .,1.0
"구기 당 빼고 절대 권좌 종교 , 언론 적폐 청산 법 만들어라 . 공 수 처 국 의당 제외 법 개 정해 시행 시켜라 .",0.0
방역 준수하건 안하건 당분간 종교시설 폐쇄 답 ! ㅉㅉ,0.0
교회 모든 중심 나하나의 안위 안식 아니다 베푸는 나누는것 행동 하는것 그것 믿음 생활 기본,1.0
TV 김남희 폭로 대해 선 안 나오지 ?,0.0
"번 할망구 고위 직 간부 였다 메 , 주요 감염 원 아닐까 ?",0.0
목사 신도 많아지면 ... 신 착각 단화 되면서 사이비 종교 되는거잖아 .... 사이비 한 아니잖아 ...,0.0
빠져 못 나오는 인간 불쌍타 사이비 무서운거야,0.0
교회 썩었으니 신천지 생긴거지 ... 기독교 잘 돌아보길,0.0
댓글 신천지 님 적극 마크 하셨네요 . 애쓰십니다 . 사이비 교주 비호 하느라,0.0
김남희 사실혼 ? 그런 관계 아니던데 김남희 횡령 기침,0.0
한기총 더 혐오 스럽다,0.0
저런 쓰레기 단체 속 버러지 뭔가 ?,0.0
"뭐 사실 기독교도 성조기 들고 설치 , “ 빤스내리 내신 ” 하는 판 뭔 정파 따져 ...",0.0
드뎌 이단 신천지 이만 희 실체 드러나고 종말 오는 갑다 하긴 이만 희가 늙어 죽으면 대신 누가 나오겠지,0.0
목사 미성년 강간 해도 감싸는것 들이 뭔 소리 ? 똑같지,0.0
"신천지 , JMS , 구원파 , 하나님 교회 , 몰몬교 , 통일교 , 대순진리회 , 만민 중앙 교회 ... 사람 영혼 죽이는 이단 사이비 단체 ~!",0.0
정 신 병 지 지 리 머 하면 사탄 없어서 역시 환자 아멘 가라 제발 피 해주지말고,0.0
사이비 교회 사기꾼 목사 그려,0.0
종교 등급 천주교 불교 >>>>> 넘사벽 >>>>>> 신천지 > 개신교 개신교 이미 사이비 수준 낮음 증명 되었음,0.0
방역 수 칙 지키지 않으면 그냥 불 태워 버려라 ... 좀비 .,0.0
"정 예배 하고싶으면 불교 , 천주교 조용히 기도 해 , 박수치면서 손잡고 성가 부르지 .. 예배 끝나면 모임 하지 .. 교회 퍼지는 이유 있지",0.0
저렇게 멋진데 .. 예수 믿는 사람 예수교 십일조 걷어서 하시나요 ? 십일조 걷고 모이 침 튀기고 밥 먹고 코로나 바이러스 퍼트 림 ?,0.0
진짜 없어도 이렇게 없을수가 ..,0.0
퇴전 별 받아야지 . 나쁜 놈 들아 .,0.0
불자 회 나서기 전 조용히 지나가려던 조계종 반성 해라,0.0
래야 진짜 부처님 제자 . 불자 회 지지 !!!,1.0
불교 평신도 님 들에게 응원 보냅니다 .,1.0
민주당 나눔 집 대해 이야기 하면 정의 연 불씨 옮을까봐 명백하게 비리 횡령 드러난 나눔 집도 차도 아예 언급 안 함 지금 지 관심사 당 체제 뿐 쯧쯧,0.0
조사해 징계 아니라 죄 있음 법 심판 받아야지 ..,0.0
에이 ..... 아니자 ..... 김구라 할머니 효자 노릇 하구 있구만 ..... 씹었어 ?,0.0
할머니 이름 뱃속 채운 토착 왜구 단체 정의 연 관계자 전원 형사 처벌 해야 한다,0.0
이러니 일본 우습게 보지,0.0
됬고 ~ 받은 돈 도로 토 해 감방 ~ 사임 않 해도 되니,0.0
사퇴 끝날 일이 아니라 철저히 수사 해서 불법 처벌 해야 함 .. 이후 불교 단체 손 떼시고 정부 관리 하는거시이 좋을듯 ......,0.0
땡 중 들이 판치는 세상 ... 개판 . 잘 하시오 . 속세 생각 하지 마시구 ... 나도 불교 신자 였지만 중 들보 토 나온다,0.0
"예수 천국 불신 지옥 , 종교 믿으면 지옥 간다 가르치는게 한국 목사 .",0.0
"불교 , 천주교 좌빨 더 문제 아님 ?? 스님 , 신부 님 앞세워 조작 선거 물 타 기하 ?? ㅋㅋㅋㅋㅋ 상실 ~~",0.0
천주교 불교 친구 잘 지내서 보기 좋아요 부처님 신 날 축하 드립니다 ^^~,1.0
개신교 없에 버리는 좋을것 .,1.0
서로 교리 인정 안 해도 서로 화목 하게 지내야 될 의무 있는게 종교인 아닌가 ? 깡패 절 가서 불상 파괴 하는 종교 종교인 눈 먼 ㅎㅎ,0.0
ㅋㅋㅋ 중요한건 기독교 없다는거 ......,0.0
신천지 뭐 ... 할 말 없더냐 ? ㅉㅉ 폐렴 퍼뜨리 일이 할 줄 알 ...,0.0
개신교 통합 말 로또 걸릴 확률 적다 . 유일신 믿는다는 명분 설치는 개신교도 작태 보면 정나미 삼천리 떨어진다 .,0.0
진정한 화합 유불선 짬뽕 교지 . 용산 가면 예수 석 공자 손잡고 웃는 동상,0.0
종교 불교 건 천주교 건 개신교 건 원불교 건 서로 공존 화목 하게 지내는 매우 중요하다 . 서로 종교 배타 적 생각 하는 자세 신앙 인 자세 아니라고 본다 .,1.0
종교 배타 아니고 화합 사랑 실천 . 말로 외치는 건 사이비 종교 ....,1.0
종교 끼리 적대 적 필요 없죠 이럴 때일 수록 종교 화합 필요한 시점 입니다 사람 희망 용기 북 돋아 주시길,1.0
서로 안 미워하는데 .... 이상하네 ... 기독교 불교 미워하지 않는데 ....,0.0
위기 상황 종교 큰 역할 하는 같습니다 . 서로 다름을 다투지 어렵고 힘든 상황 힘들어하는 사람 위 해서라도 화합 크게 나아가면 좋겠습니다 .,1.0
"절 마리아 상 , 성당 불상 놓고 통합 권유 합니다 .",1.0
종교 배타 아니고 화합 사랑 실천 . 말로 외치는 건 사이비 종교 ....,1.0
종교 끼리 적대 적 필요 없죠 이럴 때일 수록 종교 화합 필요한 시점 입니다 사람 희망 용기 북 돋아 주시길,1.0
서로 안 미워하는데 .... 이상하네 ... 기독교 불교 미워하지 않는데 ....,0.0
위기 상황 종교 큰 역할 하는 같습니다 . 서로 다름을 다투지 어렵고 힘든 상황 힘들어하는 사람 위 해서라도 화합 크게 나아가면 좋겠습니다 .,1.0
"절 마리아 상 , 성당 불상 놓고 통합 권유 합니다 .",1.0
주민 의사 묻지도 않고 시장 불교 런가 ? 잘 못 뽑았다 국회 분원 자리 짜증난다,0.0
중 부처 가르침 사업 아니다 죽어서 지옥 드렵 않느냐 ~ 마음 닦고 닦아서 부처 되어야지 돈 벌려면 중 때려치고 장사 해,0.0
국회 이전 자리 떡하니 들어와놓고 시민 위 세종시 만들랬 불교 위 도시 만들랬,0.0
신천지 포교 아니라 포섭 맞다,0.0
전도 정상 적 기독교 . 신천지 포획 해야 함,1.0
불교용어 끌어다 쓰면 어뜨캄 부정 적 뉘앙스 쓰는건 너무한거 아닌가 ㅠ 말로 대체 하는게 맞을듯,1.0
포교 : 종교 널리 폄 네이버 백과사전 이렇게 나와있긴 불쾌할 수 있을듯,0.0
포교 아닌 포섭,0.0
맞지 포섭 이란 단어 침투 어떨까,0.0
기독교 어떻 불교 안좋은 이미지 심어놓을려고 하는것 같 애 전도 해,0.0
부처 행 한 일과 예수님 행 한 일이 다르지 않다고 ? ncck 정신 ? 믿지 않는자 들은 몰라서 그렇다 치 주 여주 하며 예수님 앞 설 수 있다고 생각 ?,0.0
동남아 저리 가라 이미지 내려가겠네 청화대 국회 이전 자리 불법 땅 계속 확장 승인 시켜 . 중 가져갔다네 . 바보 같은 세종 시민 쯧쯧 불쌍해서 어쩌나 중 다해 드셨어,0.0
전도 고도 포섭 해,0.0
사이비 단어 선택 종교 여기저기 갖다 썼구만,0.0
전도 맞는 말인것 같긴하네요,1.0
""" 납치 "" "" 포섭 "" 하자 . 얘 종교 전도 포교 선교 , 종교 전도 포교 선교 아니라 걍 납치 포섭 .",0.0
"지동설 입증 된지 넘었는데 , 뭘 믿는 건지 그냥 존경 정도 하면 안되나요",0.0
그냥 포도 고해 . 새로운 우리말 재시 키,1.0
불교 계 발언 부끄러워지 요나 맞고 넌 틀려로 이미 자리 잡혀있어 보지 못 했는데 ... 넓게 봐야겠네요,0.0
그냥 믿음 될지어다,1.0
밀착 포섭 이지 약점 잡아서 못 나가게하는 드럽고 치졸한 전도 포섭,0.0
당 연 걸 가지 ...,1.0
신 시 종교 참된 종교 ~ 사람 눈치 보고 신은 무시 하는 종교 ~ ㅇ . ㅇ 많이 다니세요 ~ 천주교 계속 줄어들잖어 간 감소 ㅋ 개신교 간 증가 ㅋㅋㅋ,0.0
니 미가 문제 아니구 ~? ㅋㅋ,0.0
천주교 예수님 안 믿나요 ? 사람인 마리아 믿나 ?,0.0
종교 있으면 걱정 있겠어요 ~ 그동안 참아주셔서 감사합니다 ^^,1.0
"티비 보니 불교 천주교 정말 조심 종교 활동 하던데 , 기독교 그런 건 ... 그나저나 빤으 목사 때문 감염 확산 되지 않을까 걱정",0.0
신천지 같은 바퀴벌레 개념 없는 예수 쟁이 땜시 많은 종교인 피 해을 보는구나,0.0
"불교 , 천주교 고마웠습니다 !",1.0
신 믿는 종교 인간 믿는 종교 못 하다 . 코로나 사태 확실하게 증명 됬다 .,1.0
거리 두기 해야 합니다 . 코로나바이러스 폐을 문제 일으켜 피부색 검정 변합니다 .,1.0
아직 종식 안 했는데 부처님 신 날 되어가니 연 다는데 정신 상태 이상하네,0.0
불교 부처님오신날 말로 한 달뒤 미룸 불교 천주교 보여준 자비 란 이런것 입니다,1.0
기 징 써라 !,0.0
신천지 출입 막고 위생 철저히 하길 ....,0.0
"진정한 종교 = 천주교 , 불교 ! 개나줘라 개독",1.0
아직 더 기다리는게 맞는 같은데,0.0
기독교 안하냐 ? 이단 하는데 ....,0.0
기도 서도 가능합니다 . 아직 시기상조 같습니다 노령 불자 분 많으십니다 걱 장 됩니다 나무 아미타불,1.0
선거 끝났거든 ㅋㅋㅋ,0.0
한순간 방심하면 재앙 다가 옵니다 조심 조심 조심 살얼음 판 입니다 . 코로나 물러가거라 제발 확,0.0
좀더 참지요 ㅡㅡ,0.0
불교 계 부처님 신 날 행사 그대로 하면 될 같은데 ? 한번 하는 못 하면 너무 섭섭하고 아쉬울 입니다 . 규모 줄이더라도 의미 되새겨야지요 .,1.0
어차피 “ 페미니즘 자체 이미 종교 ” 종교 가지 왈가 왈부 할 요가 있나 ?,0.0
이딴 거 읽을 옴마니반메훔 한번 더 외우고 남는 있으면 잠자라 .,0.0
세종시 행정 수도 완성 되려면 국회 청와대 와야지 왠 종교 부지 ? 뜬금 없네요,0.0
질병 고통 죽음 불행 아무리 젋 건강했어도 벗어날수 없습니다 . 벗어날수 있는 유일한 길은 본성 찿는 길 없습니다 .,1.0
딸아 ... 미아 안 하더아아아 ~~!!!!!!,0.0
보살 아들 있나 ?,0.0
곡 중앙 교회 확 진자 계속 나오고 있어 걱정 입니다,0.0
"마르크스 유물론 종교 마약 이긴 하지 사회 주의자 종교 극 혐 , 이렇게 종교 탄압 여론몰이 시작 인민재판 이끌어 나가는 방식 볼세비키 혁명 론 나오기는 하지 .",0.0
고승덕 변호사 ? 고승덕 ?????????,0.0
호국불교 국가 사기 쳤어 돈 뜯어 낼 목적 코로나 적극 협조 하는 호국불교 존경 스럽네요,1.0
추기경 님 이야기 투자자 분 이야기 둘다 굉장히 감동 영화 꼭 보려구요 감사합니다,1.0
김수환 추기경 불교 신자 아니어셨죠 김수환 추기경 서품 받았기에 카톨릭 신자 되는것이지요 불교 신자 아니에요,1.0
불교 가톨릭 괜찮아 ㅋㅋㅋㅋㅋ 개독 예수 쟁이 들이 문제 ㅋㅋㅋ,0.0
마음 선하고 좋은 분 듯,1.0
종교 원 주의 ?,0.0
불교 신자 로서 존경 스럽습니다 항상 건강하세요 관세음보살,1.0
불 천주교 늘 좋은 관계 유지 해왔었던건 같아요 앞 항상 나라 국민 안녕 위해 기도 해주세요 ~~,1.0
종교 간 화합 하는 모습 너무 좋습니다,1.0
사찰 도시락 보이는 저건 치킨 같은데 ?,0.0
ㄴ 대 사람 인정 하는 대구 틀 ㅉㅉ,0.0
북한 때문 취소 했다고 기사 쓰지말지 ? 오마이,0.0
감빵 나오고 싶어서 안달 났구만 . 안 썩어라,0.0
문 대통령 지금 힘 압 ?,0.0
주일 여야 돈 걷지 ... 예배 한번 안 열면 손해 겠어 ? 그치 ? 순 복음 ?,0.0
까불 더 구속 되니까 꼬리 내리네 . 사이비 ! 기독교 정교 욕먹이지말고 감빵 평생 살어라 . 나오면 국민 편 가른다 .,0.0
그러게 말 입니다 . 인간 할꼬 ..,0.0
봐야 토왜 후빨 틀 들은 나라 탓임 ㅋㅋㅋㅋㅋ,0.0
범투 본이 우상 받 드는 박정희 일본군 장교 출신 건 알고있나 ? 까 키 마사 오란 이름 있음 . 빨갱이 남로당 출신 건 알고있나 ? 알고도 떠받 드는거면 이해력 딸리는거지 ....,0.0
이제 기독교 안 믿는다 이제 절대 교회 안 간다 하나님 믿으려면 집 성경책 읽고 찬송가 할란다 천주교 신앙 생활 하련다 기독교 목사 배 채우는 종교 같아서 .. 완전 실망,0.0
으아 악 ~~~~!! 종교 없는 나라 살고싶다 .,0.0
영상 예배 드리는 이유 믿음 약해서가아니다 바이러스 무서워서도 아니다 두려워하는 이웃 위 해서다 ㅡ 성직자 _,1.0
민주 적 할 말 들어라 .. 꼭 총 칼 무장 군화 발 진압 해야하나 !,0.0
멍청한 . 자유권 생존권 중 생존권 더 앞선다 . 자꾸 종교 자유 운운하면서 일반 국민 생존 위협 하지 마라 . 정부 신천지 종교 단체 대해 단호 하게 대처 해라 .,0.0
진짜 웃기는 인간 .. 북한 욕 건 무서운 가봄 ㅋㅋㅋ,0.0
분 진정한 종교인 이웃 위해 예배 중단 하는데 꿋꿋히 하는 사람 아니라,1.0
분 있기에 한국 고유 탱화 미술 전통 이어 가네요 ! 좋은 기사 입니다 . 불자는 아니지만 석가탄신일 축하 합니다 .,1.0
한 획 한 획 큰 정성 담으셨네요 . 사진 웅장 함 섬세함이 느껴지는데 실물 보면 입 떡 벌어질거 같아요 . 앞 계속 전통 지켜주세요 . 응원 합니다 .,1.0
정말 멋있습니다 . 한국 불교 전통 어가 탱화 미술 ! 앞 계속 전통 이어졌으면 좋겠습니다 .,1.0
정교하게 표현 작품 속 장인 섬세한 손길 고스 란 히 느껴지는 같습니다 . 존경 스럽네요 ..,1.0
불교 미술 잘 몰랐는데 .. 너무 아름답네요 ^^.. 우리나라 역사 불교 미가 잘 느껴집니다 ... 대단하십니다 ....^^ 멋져요 !!,1.0
한국 문화 발전 시켜 나가시 분 더 대접받는 사회 왔으면 좋겠습니다 ! 너무 멋있습니다,1.0
탱화 미술 더 많이 알려졌으면 좋겠어요 ~ :),1.0
분 노력 전통 계승 되고 있나 봅니다 . 작품 몰두하신 모습 작품,1.0
불교 다행 코로나 확 진자 아직 없내요 앞 노력 부탁드리고 성금 좋은 곳 쓰일거에요,1.0
교회 믿는거냐 ? 있지도 않은걸 가지 주변 교회 다니는 사람 교회 안 믿냐고 묻더라 ;; 진짜 그러는지 모르겠다,0.0
교회 예배 드린다며 죄인 취급 하며 수백 명 몰고와 지키시니 그량 두 시 렵,0.0
교회 주마 그러잖냐,0.0
ㅠ 러시 건가 ?,0.0
불 ... 큰 행사 인 알 ... 시국 ... 적절 치 않은 행사 듯 하네요 ... 이제 잘 지켜 왔듯 더 참고 상황 안정 될 연기 하는게 좋치 않을까요 ...,0.0
박 원숭이 하는 ! 정의 척 하며 게이 축제 열어줘 사람 인생 망하게 하고 도심 속 연등 행사 코로나 번지 하고 !,0.0
정권 잘 하는건 사람 차별 하고 종교 차별 하고이게 뭐 교회 행사 견찰 출동 시키면서까지 막아대 더니 절 행사 그렇게 안 하는데 막을려면 막아야지 종교 뭔 데,0.0
"나라 종교 자유 필요없는 나라 . 불교 , 기독교 , 천주교 . 정말 신앙심 깊고 선 행 하시는 분들 많지만 비지니스 하는 부류 더 많음",0.0
돌팔매 답 .,0.0
????????????? 그러고 보 방역 당국 교육부 따로 노 ㅋㅋㅋㅋㅋㅋㅋㅋ 방역 당국 등교 안전하다고 말 안함 . 명이아니라 더있을것,0.0
불자는 줌 ?,0.0
미친거아니냐 언능 접어라,0.0
"모범 보일 종교 계 ,, 돈벌이 급 급",0.0
예수님 장사 해야지 그게 얼 데 .,0.0
그런 걸 있는 사람 알 있는데 곳 다니는 교인 세뇌 되어 모르는 건지 .....,0.0
하느님 곁 갈 기회 많이 안 옵니다 . 기회 놓치면 안 되죠 .,1.0
확실한건 우리나라 교회 썩었어 썩은내가 진동 할 정도 썩었어,0.0
돈 미쳐서 신 먹으니 생기는 일이 . 불교 천주교 확실히 사리 분별 하는군요 . 식 말 나오게끔 행동 하지 마십 쇼 . 멀쩡한 기독교인 바이러스 균 사람 봅니다,0.0
헌금 때문 중단 하면 안됨 ? ㅋㅋㅋㅋ 논리 ? ㅋㅋㅋ 아낰 ㅋㅋㅋㅋㅋㅋ,0.0
집 기도 하면 안되고 꼭 교회 나와서 기도 해야하냐 ? 이건 논리 ?,0.0
하는 행동 기독교 신천지 뭐임 ??,0.0
예수 쟁이 들은 답 없다 정말 .,0.0
협조 해야지 시국 ㅜ 이단 불리는 곳도 문 닫고 격리 시키는데 지금 더 벌리려고 하는 곳 이단 아닌가요,0.0
신천지 욕 할게 아니다 !!! 압수수색 해야 된다 !,0.0
헌금 때문 중단 못 하는거네 .. 대형 교회 사람 .. 진짜 .. ㅜ,0.0
제발 정신 차려 !! 전광훈 똘마니들,0.0
예배 한다는 말 됨 ? 외출 자제 판 .. 뭐임 ? 신천지 닫았다는데,0.0
신천지 못 한 놈 . 얘 들은 예배 중단 했지 . 욕 할 자격 없다,0.0
정말로 답답하네요,0.0
이단 문 닫는데 일반 교회 그러나요 ? 이단 성적 ~,0.0
나라 모양 서로 힘 합쳐서 해결 할 생각 해야지 무 튼 돈 목사 이득 챙기려고 나라 되든 기회 싶어서 싸우고 앉아있네 ㅉㅉ 돈 목사 때문 미래 어둡다,0.0
돈떄문 ~~ 돈 때문 ~~~ 예배 돈 떄문 ~~,0.0
"나도 교회 다니지만 ,,, 작작 하자 ... 헌금 일체 교회 종교 수입 대해 세금 철저히 붙여라 .. 십일조 감사 헌금 ,, 거 세금 붙여 버려 야함 .",0.0
종교 정치 . 잘 못 된 믿음 신념 앞 인간 동물 못 바보 된다는 사실 ~,0.0
"신천지 똑같단 소리 ... 통일교 , 사랑 교회 , 대형 세습 교회 ...",0.0
정신 차려,0.0
교회 뽕 무섭 목숨 걸고 다니나 봄,0.0
날짜 지났다고 안심 하는 건가 ??.. 개신교 분들 다시 한번 생각 해보세요 ...,0.0
더 모범 되고 본이 되어야하는게 아닌가요 비 협조 적 모습 눈쌀 찌푸려지 기도 합니다 ..,0.0
항상 썪 빠진 개신교 문제 ~~ 돈 환장한 목사 놈 지금 빵 있는 정신병 목사 놈 ~~ 온전 놈 없어,0.0
개신교 욕 먹어야 하는 이유,0.0
탐욕 신천지 뭐 틀리냐,0.0
개신교 신천지 하는 짓 똑같네 ~~~ 천주교 불교 진정한 종교인 듯 하다 .,1.0
주 예배 성도 목숨 중요한 목사 목사 말이라면 신 맹신 하는 성도 .. 격 신천지,0.0
종교 세 과세 해야 하는디,0.0
실제 중형 소형 교회 그대로 예배 하는 곳 너무 많아 걱정 되고 불안합니다,0.0
원래 순 복음 이단 시작 됐다가 교세 커지니 개신교 흡수 했지 . 누가 누굴 나무라겠어 . 행동 보아 하니 나오는구만,0.0
돈 환장한 목사 놈 . 개신교 신자 뭐 느끼는거 없음 ? 돌 머리 들임 ? 그냥 개인 사기꾼 말 마디 듣고 돈 퍼다 주는 꼴임,0.0
신도 삥 하루 못 뜯을까봐 휴무 인도 북한 보내자,0.0
월화 수 목금 토 전 국민 코로나 전쟁 . 원래 위치 일요일 교인 원 위치 .,0.0
"교회 둘째 , 회사 문 닫읍시다 . 대중교통 세우고요 . 전 국민 무급 휴가 하시죠 . 지금 월급 문 제입 ?",0.0
불교 집단 분들 진짜 감사 드립니다 . 반면 교인 완전히 보기 싫습니다 .,1.0
여테까지 뭘 본거야 ? 프로 모르나 ? 넘어서는 사람 얘기 한 거 .. 암 모르면서 댓글 다는건 두 뇌구조 같다는 얘기 .,0.0
불교 집단 표현 불교 단체 좀더 괜찮은 표현 더 좋은 건 불교 계 하는게 어감 좋음,1.0
솔직히 교회 종교 보다 그냥 업체 아닌가 ?,0.0
주식회사 예수,0.0
교회 기부 많이 해도 목사 입니다 하나님 돈 필요없습니다 하나님 돈 기부 말씀 안 하셨습니다 힘든 이웃 도우 하시지,1.0
불교 최고 입니다,1.0
"전빤스 "" 교회 집사 님 들은 좋아하는지 내 빤스 벗으라면 벗어 . 목사 벗으라고 해서 안 벗으면 내 성도 아니지 .""...",0.0
신천지 교인 받으려나 ?,0.0
안동성 당 이스라엘 성지 순례 여행 갔다가 코로나 걸린 걸 알 있는데 ㅡ 초기 ㅡ,0.0
ㅇㅕ 기부 천 올해 거리 연등 개 걸지 않고 조용히 지나갔다 .. 진짜 매주 예배 고집 일부 기독교인 이런거 보고 뭘 느끼는지 궁금하다,1.0
이런게 참된 종교 아닌가 ? 종교 .. 종교인 들이라면 본인 현재 종교 올바르고 참된 종교 되 짚어 볼 필요 고본 ..,1.0
종교 믿던지 간 사람 자유 종교 믿는다고 난리치는건 이슬람교 기독교 뿐일거다 .,0.0
저녁 길 지나다 보니 시장 음식점 술집 사람 바글바글 하다 . 백화점 옷 사는라 바글 바글 지 원금 준다는 건지 힘들다고 그런 걸 정치 이용 하는 정말 나쁜 정치 .,0.0
요즘 기독교 본체 탄 로나 듯 . 제발 교인 예수 믿는다거나 목사 라거 말 하지 말기 .,0.0
"개신교 목사 수금 빨 정신 나가 신천지 사태 아랑곳 않고 예배 강행 하던데 다르다 달라 ㅋㅋㅋ 그냥 목사 칭하 놈 종교인 아니라 기업인 , 영업직 해야 됨",0.0
단 교회 탓 시라 ! 개신교도 간다 생각 된다 !!! 개신교 하루 종일 죄 짓고 회개 번하면 끝 한국 개신교 !!!,0.0
어려울 나서서 돕는 모습 정말 멋집니다 . 오랫동안 이어 온 종교 행사 멈추고 미루는 쉽지 않은 결정 이었을텐데 적극 적 모범 보여 주어 감사합니다 !,1.0
기적 종교 수준 다르네요 어려운 시기 민낯 드러나죠 탐욕 이기 극치 하느님 보시기에 좋으실까 ?? 기본 상식 무너진 종교,0.0
개독 만배 낫다 불교 만세,1.0
타 종교인 동참 하겠죠 ...,1.0
불교 계 넘 감사하네요 .,1.0
무교 선택 라면 불교 ~,1.0
정부 어려운게 아니라 국민 어렵다네,1.0
"우리나라 불교 , 천주교 가장 종교 다운 듯 . 기독교 제일 문제 . 기독 이슬람 원리 주의 같음 .",0.0
큰절 아니지만 동 근 처절 가면 사람 마니 없음 사람 없는 서 절 간단히 하고 나오니 교회 다르게 집회 같은 건안 하는거 같던데,0.0
불교 그냥 ... 조용해서 좋음 . 그것 족함 .,1.0
호국불교 매국 기독교,0.0
종교 계 나아갈 바를 제시 하는것 같아 존경 스럽습니다 . 어려운 시국 좋은 소식 전해 줘서 감사 합니다 .,1.0
큰 어른 중요성 불교 계 통해 다시금 느껴 봅니다 .,1.0
"세수 확보 위해 기부 장려 하는것 입니다 . 국채 발행 기부 좋은 방법 , 전 국민 지급 하려고 하는 정부 노력 중 일부 입니다 . 같은 사람 재난 원금 받을 자격 없어요 . ㅉㅉ",0.0
기독교 뭐 하냐 ? 진짜 기적 종교 모르는 개신교 나도 개종 해야,0.0
스님 낫,1.0
기독교 기적 면 많다,0.0
역시 불교 진정한 종교 전국 사이비 종교 같은 기 기 기독교,0.0
임진왜란 땐 왜군 맞서 싸운 !!,1.0
스님 정말 멋지고 대단하십니다 . 국민 한 사람 감사 드립니다 .,1.0
역시 불교 계 어려울 항상 앞장서서 희생 도와주고 대한민국 짱 입니다 ! 광 신도 다르네요 !,1.0
신천지 너무 비교 되는데 ㅋㅋㅋ,0.0
감사합니다 ~!!,1.0
영화 감명 깊게 잘 봤습니다 . 보기 드믄 위인 힘든 곳 자발 적 먼저 사랑 실천 이태석 신부 님 존경 사랑 합니다 ♡ 기념관 찾을 예정 ~,1.0
ㅋㅋㅋㅋㅋㅋㅋㅋ,1.0
쇼 하는것 배웠냐,0.0
개념 없는것 ~,0.0
절밥 맛있다는 소문 들어서 ㅋㅋ,1.0
신랑 정신차리도록 내조 확실히 하도록,0.0
이마 보톡스 필러 그만 맞아라 .. 너무 빵빵 ... 살이 정말 찌 찌 ........,0.0
쇼 좋아하는 가증 덩어리 ...,0.0
기독교 달 리 천주교 모든 종교 수용 기레기 기본 ㄷ 모르고 여론 호도 해서 편 가르기 하냐 ?? ㅉㅉ,0.0
천주교 답지 않게 너무 정치 세력 가까이 하는 문제 생각 합니다 . 김수환 추기경 님 계실 어른 같은 존경 신부 없다는게 그것 문제 생각 되요,0.0
가난한 형제 멀리 멀리 ~~ 부자 앞 꼬리치는 신 부들 ~~ 역겨워,0.0
한국 천주교 까다로운 절차 형식 젊은 신자 멀어지게 하는 이유 있을 입니다,0.0
돈 없으면 종교 생활 힘들어 요미 사가서도 존재 자체 미미해서 힘빠져 오는 경우 많음 감사 헌금 기 타 헌금 어딜 가나 돈 없으면 대우받기 힘들어,0.0
개신교 하도 씹어대 어서 꺼리지,0.0
동네 분 라면 그리 폄하 할 이유 뭐 있나요 ? 동네 분 라면 그리 배아 파 마 시유 . 침체 된 동네 부는 변화 관심 오래 산 주민 반길것이외다,1.0
"조만간 몰렸다가 월세 고공 , 권리금 억억 하다가 , 남는거 없이 세 입자 쫒 겨 나가겠지 ..",0.0
동네 살고있는데 그냥 그냥 조 용한 동네 ~~ 카페 옛 건물 리 모델링 해서 쩜 늘긴 늘었는데 핫 플 레 아니고 그냥 . 사람 많아질까봐 걱정 되네,1.0
작작 해 ... 경리 단 꼴 난다 ...,0.0
어차피 임대료 때문 망하고 . 최저임금 때문 망했다고 언플 할텐데 머,0.0
고가 흉물 . 없애 버려라 .,0.0
광고 오지네요 . 지역 더 좋은 곳 많습니다 . 기레기 님,1.0
이제 그만하고싶나 보네 ? 기 사내면 끝 .. 이제 커피숍 들어서고 휴대폰 가게 들어서고 ... 한국 사람 성질 몰라서 이런거 올 리나 ?,0.0
신천지 냄새 ..,0.0
천주교 세금 냅니다 . 개신교 대 체적 안내서,1.0
ㄴ 대놓고 구라치면 안 쪽팔릴까 ?,0.0
돈 쌓아 두는 교회 문제 사회 세금 더 많은 돈 기부 하는 교회 많습니다,1.0
신문 급 느껴지는 광고,0.0
개신교 목사 신도 사형,0.0
성소수자 차별 누가 했는데 ? 역차별,0.0
변태성욕 치료 가능하니까 성소수자 헛소리 하며 방치 하지 치료받고 다시 건강하게 사세요,0.0
옴 붙어서 그래요 . 김대중 국민 갈등 유발 자였죠 . 특히 경상도 전라도 ... 역사 역적 !,0.0
"지금 대우 살아있었다면 , 지금 우린 불 시대 살 있을듯",1.0
Imf 전 부실 기업 인수 해서 방만한 경 탓 있음 . Imf 시절 김대중 탓 하기는 아닌듯 .,0.0
슨상님 꼴 보기 싫다고 하셨어 슨상님 꼴 보기 싫다고 하셨어 ~ 이야이야 ~ 그렇게 살다가고 ~,0.0
중이 우중 정부 욕 한다고 골로 보낸 ㅋㅋ 전라 상종 하면 안된다,0.0
아깝다 대우 안타깝다 한국 미래 암울하다 부디 극 낙 왕생 소서,0.0
빚 뭔들 못 합니까 ?,0.0
북한 핵 개발 모든 책임진다던 구라쟁이 오늘 유난히 도 생각난다,0.0
대법 판결 난걸 이행 안 하는게 문제 아닌가 약자 재판 어려운데 대법 가서 이겨도 정부 몰라라 이러면 국가 시스템 믿을수가 있나 ??,0.0
대법원 짓 하지말라고 판결 한적 없는데 ? 직접 고용 후 보직 회사 권한 했는데 ? 할줄아는게 날조 떼 쓰기 없는 아줌마 ㅋㅋㅋ 그만 징징대라 으 역겹다,0.0
계약 직알 취업 했잖아요 ~ 정직 원하고싶으면 정식 시험 면접 보세요 !! 무조건 아닙니다 ~ 없네,0.0
진짜 중소기업 할게 아니라 이렇게 공무원 되는게 좋을듯 ㅎㅎ 기계 대체 가능한 직종 그대 쓸 돈 내 중소기업 야근 하며 버 돈 . 중소기업 이직 해 근로 환경 높이 .,0.0
근데 도로공사 자회사 정직 원 고용 고하 걷어찬거아니야 ? 자진 퇴사 한 받아줘야되 ?,0.0
떼 악질 제발 그만하시오 ~~ 억지 ㅡ 그만 해 .,0.0
체 투지 내 살아오면서 / 소 호 / 불 미 / 추 분별 심 지은 수많은 죄업 희하는 종교 의례 . 하는 꼴 보니 죄 덕지덕지 더 싿는것,0.0
토나와 저러는거야 도대체 깡패 따로 없네,0.0
솔직히 ....,0.0
정부 상대로 시위 해서 정규직 못 따내면 바보 도나,0.0
같으면 지랄 떨 기력 있으면 일자리 하겠네 .,0.0
차가운 바닥 주무시면 입 돌아가요 ..,0.0
김대중 김우중 인생 망쳤다 . 김대중 대우 파산 시켰다 .,0.0
coco **** 니 님 말로 뭘 댓글 쓰셨 남 ? 퇴보 ? 과장 심하다,0.0
추징 금 어따 묻어 놨으려,0.0
지 부모 형제 두 환 살점 뜯겨 죽어도 정신 못 차릴 일베충 새 퀴,0.0
헬기 사격 있었다는 명백한 증거 보여라 ! 들었다더라 ~ 내지 카더라 ! 좌빨 이야기 믿을 수가 없어서 말 ! 워낙 거짓말 생활화 되어있어서 !!,0.0
전씨 편히 뒈지 기전 꼭 밝혀서 죄값 받고 전 재산 몰수 시키자 !!!!,0.0
짝 사람 못 믿는 당 ㅋㅋ,0.0
전두환 사형 마땅하다 .,0.0
국민 향 해 사격 했던 잔당 아직도 현재 기만 갑질,0.0
했다하고 미안하다 하지,0.0
거짓말쟁이 전두환 ? 자서전 자칭 찬양 ? 지가 쪽 빠리 줄아나 역사 거짓 꾸미네 .. 전씨 보면 한당 과거 였나 생각 이드,0.0
사형 시킬 짐승 같은 사형 시키는게 맞다라고 판단 합니다 .,0.0
윤봉길 의사 몇몇 사진 사형제 폐지 호소 . 진짜 죽 싶은 사형수 많다,0.0
유신정권 시대 사형 당하신 명단 충격 적이네요 . 상황 악법 될 수 있다는 얘기 겠지요 ㅠㅠ,0.0
확실한 놈 사형 답,0.0
좋은 글 입니다 . 고맙습니다 .,1.0
종교인 래야 한다 빤스 사이비 아닌,1.0
동성애 옳은것인냥 가르치려 들지마라 자연 섭리 거 스르 상상 못 할 결과 되돌아오게 된다는 기억 해라 .,0.0
등대 숭배 하지 등대 나오는 빛 찾으세요 . 수 그리스도 사랑 가르쳤지 죄 교리 가르친 적 없습니다 .,0.0
ㄴ 전 이단 아닙니다 애초 기독교인 아니니까 .,0.0
조 회장 님 별 세 후 미쳤구나,0.0
동성애 날로 늘어가니 걱정 입니다 좋은 현상 아니지요,0.0
자꾸 합리화 시키는건 아닌 듯,0.0
"동성애 뭐 잘났다고 기사 쓰고 있는지 , 그렇게도 기 사거리 없으면 기자 직 내려놓던지 . 제발 깜 안되는 동성애 가지 이슈 화 시키지 말길 .",0.0
대한항공 매각 해,0.0
축하 해 축하 해 ㅋㅋㅋ 한 녀 끼리 ㅈㄹ 계속 했음 좋겠다 ㅋㅋㅋㅊㅋㅊㅋㅊㅋㅊㅋㅊㅋ 번식 안되니 다행 임,0.0
기생충 결혼 비행기 타는 사회 박멸 합시다 .,0.0
한국 여자 분들 ( 동성 ) 부부 인정 하지 않는데도 여자 분들 부부 인정 대한항공 . .. 헌법 위반 한 거 ??,0.0
동성애 인정 되는 순간 . 늘어날 범죄 당연한 수순 ... 동성애 병 !!,0.0
빨 리도 일다 끝 마무리 ~,0.0
몰아 냅시다 !!!!!!!!!!!!!!!!!!!!!!!!,0.0
~~~~~ 깨어있는 종교 입 ? 종교 계 인간 세 상과 무관 하지 않습니다 살기 좋은 세상 만들기 위해 노력 해야하는 분 아닙니까 ? 반갑습니다 !,1.0
영화 보면 종교 나선다는건 검찰 갈 간거다 . 윤석열 사퇴 답 .,0.0
나라 어려울 종교인 본보기 나라 일으켜 세웠지요 ... 종교 이십 니,1.0
위대한 국민 화이팅,1.0
이런게 시국선언,1.0
한당 개천절 모든 종교 단체 참여 하는 집회 참여 할거라고 호언 장담 하던데 ... 코미디 아니고 .. 그냥 웃는다 . ㅋㅋㅋ,0.0
종교 가면 쓴 위선,0.0
간만 너무 좋은 뉴스 입니다 !,1.0
좋은 대한민국 만들어요 화이팅 !,1.0
같은 시대 살면서 생각 보는 눈 이렇게 다를수가 ...,0.0
"늦었지만 그나마 극히 일부 양심 있는 성직자 있어서 그나마 다행 ... 더 많이 참여 해야죠 ..,?",1.0
종교 ㅡ 없는 신 없는 천국 팔지 돈 받는만큼 세금 제대로 내 ㅡ 정말 부끄러운 줄 모르는 파렴치한 ㅡ,0.0
종교인 거지 !,1.0
대한민국 국민 이렇게 위대하다 !!!!!,1.0
니 진짜 종교인 의심스럽다 ... 피의자 조국 두둔 하는게 ... 에이 ~!!!,0.0
존경 합니다 감사합니다,1.0
성직자 개혁 듯,0.0
건강한 사회 만들어가는 종교 지도자 참된 모습 보는 같습니다 .. 맑은 마음 혜안 올바른 사회 이끌어주 시기 바라며 ... 적극 응원 합니다,1.0
종교 계 대표 하는 사람 아니고 일부 정치인 ~ ㅋㅋ,0.0
멋져요 ㅎㅎ 목소리 내준 종교인 큰 감사 드립니다 .,1.0
진정한 종교 지도자 ! 걈 사합니다 진심 배우겠습니다,1.0
세금 내고 개혁 해야 한다 . 투명한 회계 기장,0.0
조국 안 됌 . 인물 그렇게 없냐 . 조국 딸 논문 읽어 본 사람 조국 절대 반대,0.0
정신 차리시요 사회주의 법무 장관 인대 왠 민주주의 ?,0.0
조국 수사 덮을려고 하는지 더 의심 스럽네,0.0
가족 위 해서라도 정치검찰 바로잡아야 됩니다,0.0
황교안 전광훈 최성 해씨 때문 쪽팔렸는데 .. 이제 똑바로 나아갑시다 !!,0.0
천주교도 좌파 분류 됩니다 신자 신부 수녀 좌파 주교 대표 적 좌파 활동 하는 정치 사제 입니다 속지 마시길 바랍니다,0.0
천주교 신 부들 대부분 빨갱이 ㆍ 주사파 이나라 망친 원흉 중,0.0
"정구사 해체 , 정치 손 떼 .",0.0
좌파 신부 수녀 보면 겁나와 조국 기 사랑 해와 경 심 사랑 해 외친 신부 수녀 상식 없어요 이미 천주교 좌 경화 되어서요 추기경 욧 보이는 천주교 지탄 받을것이다,0.0
무신론자 신부 님 보며 정말 신 있지 않을까 생각 들었습니다 감사합니다 고맙습니다 .,1.0
정말 존경 합니다 신부 님 허나 건물 지을 돈 톤즈 도왓다 신부 님 더 기뻐하시지 않앗을까요,1.0
우연히 울지마 톤즈 보고 이태석 신부 님 알 되었습니다 . 분 신 보내신 천사 아니었을까 생각 들었어요 . 스스로 되돌아보며 더 의미 있는 삶 살아야겠다 깨 달았습니다 . 감사합니다 .,1.0
이태석 신부 님 오래 사셨어야 하는데 톤즈 눈물 잊혀지질 않네요 . 슬프다 .,1.0
신부 님 . 감사합니다 . 닮아가며 노력 하며 살아가겠습니다 .,1.0
대단히 훌륭한 분 입니다 .. 전두환 이명박 같은 사람 곤 비교 안되네요,1.0
정말 너무나도 대단하신 분이내요 . 크게 감동 받고 마음 따뜻해진 이었습니다 . 분 이제야 알 된게 너무나 창피 하내 ... 하늘나라 편히 쉬세여 ~ 존경 합니다 ~!!,1.0
신부 님 . 존경 존경 합니다 .,1.0
좋은 사람 데려 가시나요 ? 세상 악인 남겠어요 ?,1.0
훌륭하 신분 . 오늘 세 알았어요 . 부끄럽네요 . 천국 편히 쉬세요 .,1.0
한번 꼭 방문 하고자 합니다 ....!!! 마음 깊이 나눔 담아 갑니다,1.0
영원한 감사합니다,1.0
그냥 사람 이길 포기 개 무시 하는 수,0.0
니 보수 악풀 달 마라 !!!,0.0
정신병원 다니세요 ?,0.0
정말 정말 슬픕니다 . 고인 명복 빕니다 . 대통령 님 슬픈데 짜장면 한 그릇 까요 ?,0.0
지금 시대 빨갱이 용어 사용 하면 정신병원 가야 본다 .,0.0
김영삼 김대중 노무현 문재인 비정상 나머지 정상 적 대통령 .. ㅍㅎㅎ 똑바로 알 정신차리라 .,0.0
노무현 대통령 인정 한다 문 재앙 진짜 아니다,0.0
빨갱이 친구,0.0
뭐눈 뭐 보이는 법 . 같은지 ? 그리 살어 . 불쌍한 인간 .,0.0
망상장애 정신병 치료 대상 .,0.0
훌륭하신 댓글 입니다,1.0
"삼가 고인 명복 빕니다 . 아무리 악플 달 싶어도 .. 아무리 욕 하고 싶어도 기사 와서 악플 다는건 뿐 아니라 가족 , 부모 욕먹이는 짓 입니다 . 자제 합시다 .",1.0
어머니 위대하다 . 대통령 어려운 시기 끝 아들 챙기시네 . 사람 먼저 문재인 대통령 같은 평범한 사람 인간미 느껴진다 . 대통령 님 국민 위해 힘내세요 !,1.0
대통령 님 힘내세요 !!!,1.0
싫어합니다 어머니 돌아가셨는데 욕 은하 마세요 .,0.0
홍문종 ~~ 정신 ....?,0.0
삼가고인의 명복 빕니다 . 대통령 님 건강 잘 챙기세요 .,1.0
네이버 댓글 쓰레기 . 비판 아니라 질 비난 밤 낮 죽 뭐 하는 건지 네이버 실명 꼭 필요하다 봅니다 .,0.0
삼가 고인 명복 빕니다 .,1.0
. 인간 적 . 면모 그만 헐뜯고 그만 미워합시다,1.0
맘 아프네요 휴식 없이 복귀 ...,0.0
ㅠㅠ 하늘나라 평안하세요 ... ㅠㅠ,1.0
삼가고인의 명복 빕니다 .. 대통령 님 힘내세요 ..!!,1.0
삼가고인의 명복 빕니다 .,1.0
삼가고인에 명복 빕니다 정말 사람 다운 사람 문제 대통령 님 사랑 합니다 ♡♡,1.0
삼가 고인 명복 빕니다 .,1.0
절 거 비교 하는 대한민국 ㅋㅋㅋㅋ 절 기념일 없는것 만해 히틀러 나은 대우 해주는거 모르나 ?,0.0
삼가 고인 명복 빕니다 ㅠㅠㅠ,1.0
댓글 쓰레기 많네,0.0
삼가 고인 명복 빕니다,1.0
좋은 사람 따뜻한 사람 편안하게 다가갈수있는 우리나라 대통령 좋습니다 .,1.0
대 광개토태왕 같은 문재인 대통령 어머님 삼가고인의 명복 빕니다,1.0
문 대통령 님 힘내세요,1.0
대통령 님 힘 내세 .,1.0
삼가 고인 명복 빕니다 . ㅠㅠ,1.0
"니 어머니 연세 안 돼도 빨리 가시길 , 못 배운 ㅅㅋ 안",0.0
재앙 엄마 돌아가신건 안 됐지만 잘 하자 제발 세금 그만 올리고 헛 짓거리 그만 해,0.0
쇼 ! 끝 없는 거야 ~,0.0
문다혜 ~ 이민 ~ 수사 해라,0.0
슬프실까 삼가 고인 명복 빕니다 ~,1.0
대통령 님 힘내세요 . 고인 명복 빕니다 .,1.0
보니 세월호 방명록 생각나네,0.0
착한 아들 ! 재인 ! 말 할 사람 지구 상 없다는 사실 ! 통곡 한다 !,1.0
좋은 글 잘 봤습니다,1.0
글 한당 알바 설치 .. 질린다 질려,0.0
유럽 위 짱개 프랑스 직지 우리나라 보내는데 야만인 위대 유산 보호 할 ㄲ 했던 유럽 짱개 .. 정작 만들었다 .. 제작 했다 .... 유럽 짱개 ....,0.0
걸 기사 쓰나 진실 된다고 보는지 저런 장난 한국 언론 춤 추는지,0.0
정의구현사제단,1.0
지옥 간겨 ㅠㅠ 그러게 누가 망 정치 놀이 하래,0.0
사제 . 부제 서품 축하 드립니다 . 주님 말씀 정직하고 성실한 사제 부제 되길 기 도합 니 .,1.0
다산 캐도 캐도 새로운 인물 . 후손 많이 사랑 하신 분 같아요,1.0
신부 님 고맙습니다,1.0
어째 닫질 않네 ~,0.0
은혜 갚는 넘이 없엇다 얘기 들리네,0.0
adab 썩은 냄새 난다 함부로 주디 띠 마라 손까락 놀리지마라 썽그리뿌기 전 ㅋ,0.0
병원 원장 대통령 마니인줄 몰랐다고 합니다 . 대형 병원 아닌 일반 병원 . 박근혜 있죠 ?,1.0
우상화 쩌 대통령 엄마 장례식 장면 야하지,0.0
삼가 고인 명복 빕니다 .,1.0
OOO 니 엄마 죽어도 부검 할거니 ..,0.0
삼가 고인 명복 빕니다,1.0
니 애비 애 미는 왜구 ?,0.0
삼가고인의 명복 빕니다,1.0
종교 컨셉 믿지말고 성경 속 있는 깊은 뜻 가르침 만분 일이 따르는 흉내 내,0.0
가족 장 조문 안 받는다더니 그냥 전 세계 불쌍한 놈 위로 해달라고 홍보 속보 교황 위로 쳐 받고 있네 ㅋㅋ 똑같은 목숨 덜 애도 더 애도 하냐 ㅋㅋ 쓰레기,0.0
살 생전 부모님 효도 하세여 ^ 돌아가신다음 백 날 근사하게 제사상 차리면 머합 ?,1.0
대 깨 . 위 당부 웅 ㅅ,0.0
댓글 다는 틀 들아 니 간다 .. 악플 열심히 달,0.0
악플다는것 사람 새끼 아님,0.0
고인 명복 빕니다,1.0
하늘나라 편히 잠드소 ~~~,1.0
재앙 장례식 장 가있는 조용했는데 삼일장 끝났으니 다시 재앙 시작 !,0.0
시체 이의 달인 답 .. 에미 ㅎ ㄷ ㄷ,0.0
치유 해 엔 용서 곻 치유 받는 해 댔으면 좋겠네요,1.0
평생 남 위해 기도 봉사 하신 신부 님 천 국가 더 행복하게 살아가길 빕니다 . 항상 신부 님 생각 기도 하겠습니다 행복하세요,1.0
내 말 ... 재소 서 신 검열 안 하면 조폭 마약 두목 같은 놈 교도소 안 졸개 도 지시 내려 살인 마약 범죄 할거 .. 재소 서 신 검열 하냐는 발상 수상한데 ???????????,0.0
법원 판결 난거네 . 근데 기자 잣 틀린 일이 방방 뛰는 기사 ? 기자 판사 하지 ?,0.0
편지 전달 해 주는거 자체 고마워 해 . 범죄자 원하는건 더럽게 많네 .,0.0
우리나라 없어져야 할인 권 워 원 회 여성 옹호 단체 노조 단체,0.0
죄 짓지 말 되는거잖어 .. 범죄자 .. ㅡㅡ,0.0
? 쪽바리 마음 아프니 ?,0.0
애국 좋은데 든게 없으면 그것 없어 보이는게 없다,0.0
우리나라 전도 만 주 땅 빼는 ? 중국 대국 생걱 눈치 보느라 만 주 땅 우리나라 전도 넣지 아니하는지 생각 든다 . 만주 우리땅 지도 넣자구요,0.0
독도 횡단 하던 바다 수영 방송 있었는데 .. 그런 방송 있었으면 좋겠어요 .,1.0
거 도 안된거고 한 백년 쯤 된 지도 없냐 ? 초선 초기 그려진거 보면 답 올텐데 백년 전 거 말,0.0
"하와이 미국 땅 , 독도 일본 땅 , 일본 ( 대한민국 ) 땅 . 쪽바리 놈 눈뜨고 볼 수 없는 놈 .",0.0
어디서 협박 질 ? 정치인 악플단다고 처벌 되는거 넌 봤냐 무식하면 주 디 닫던가 잘 한게 있어야 악플 안 듣지,0.0
삼가 고인 명복 빕니다 . 좋은 곳 오래오래 행복 하세요,1.0
대한민국 대통령 어머니 돌아가셨다 도덕 책 한번 읽은 인간 이면 여기다가는 욕,1.0
"일제시대 대표 골수 친일파 , 흥남 농업 과장 .",0.0
>>>>>>> 미쳤구나 오늘 깊히 슬픈 날 !! 저런 댓글 달지마 주먹 날라 간다 ~~~>>>,0.0
언제나 어머니 이별 슬프죠 . 영원한 안식 평안히 하시 기를 ....,1.0
문재인 대통령 님 김정숙 여사 님 고인 가신는 길 하지는 못 했지만 고인 명복 빕니다 두 분 힘 내십시요 !!,1.0
평안한 면 기원 합니다 .,1.0
뭐 박정희 가족 비통한 죽음 이었겠지요 . 근데 북괴 돼지 사람 아니니까 ㄱㅊ,0.0
빨갱이 들이 지지 하는 당 ? ㅋㅋ 뇌 없는 새 기 일베 타령 ㅋ,0.0
돌아가시기 전 병원 대통령 어마 인줄 몰랐답니다 귀감 !,1.0
곳 악플 다는 시 끼 뭐 하는 똘아이,0.0
국민 위해 눈물 흘려 봤냐 ?,0.0
순서 차이 갑니다 선하게 삽시다 선 악 이깁니다 . 악한 알지요,1.0
. 천주교 . 기독 싸움이였네 ?,0.0
영원한 안식 누리시길 ... 문 대통령 남기신 휼륭한 말씀 ... 감사합니다 .,1.0
대통령 이기 앞서 ... 누군가 아들 이기 ... 어머니 떠내 보내는 마음 똑 같을 생각 된다 .. 고인 명복 빌며 ...,1.0
니 애비 그런거 임 ? ㅋㅋㅋㅋ,0.0
경제 내 수 외교 국방 파탄 내고 생활고 비관 살자 넘쳐나는데 콧방귀 안뀌더 ... ....,0.0
국민 죽는 순간 고통 죽어가는데 .,0.0
하나님 품안에서 평안히 쉬시길 기도 드립니다 . 어머님 ..... 부모님 보내 드리는 말로 할 수 없는 슬픔 ...,1.0
삼가 고인 명복 빕니다 ..,1.0
귀태 재앙 태어났냐 ? 나라 먹는 매국노 기생충 !!,0.0
니 증명 해봐 아니라는 거,0.0
천주교도 증말 이제 막장 끝 달리 있는 건가 ㅅㅂ 이러는지 ... 이러니까 사람 피 해보는거 임 ...,0.0
청소년 보호 해야하는 시설 저런 짓 .. 이해 할수도 없고 이해 하고싶지도 않다,0.0
보호 커녕 트라우마 남기는 보호 시설 할 수 있는지 ... 말 안된다,0.0
나라 죽여놓고 지금 서 세계 인물 .... 하긴 조선시대 였으니,0.0
검찰 저랬던게 보수 일어난 일인데요,0.0
서둘러 공 수 처 들어서 본인 비리 덮으려 하잖아요 검찰 원칙 하니까,0.0
"천주교 엄청 썩었지요 , 전교조 같은 조직 정의구현사제단 ??? 늠 원흉 이지 , 큰일 입니다 , 천주교 신자 지긋지긋해서 떠나가고 있다는군요",0.0
"윤규 근 안 끼는데가 없네 ! 조국 윤규 근 감싸는 이유 , 통 조국 비호 하는 이유 이제 진실 밝힐 된듯 !",0.0
천주교도 썩어가고 있는 중 ~~ 정의 구현 제단 정의도 좌파 농락 당해서 정의 없어진지 오래되었고 ~~,0.0
박 그네 우 병 우는 죄 였는지 . 지 금보 혐의 너무나 사소 해보이네 .,1.0
이제 구체 적 관련 드러났으니 윤석열 은 수 사하라,0.0
병원 대출 사건 . 어마 어마 . 천주교 종교 하기에도 어려울 만큼 정치 집단 화 되었다 . 대체 좌파 친노 친문 나라 가지 장난 친 건가 ?,0.0
"천주교 국제 코민테른 ( 공산당 ) 연결 되어 있지 . 우리들병원 대출 사기 천주교 , 민주당 인맥 개입 되어고 .. 음 점점 재밌어지는데 ?",0.0
워낙 많아서 이렇게 안 터질수가 없겠다 ㆍ 문다해 경호비가 수십억 이지 ? 개인 취업 위해 나가있고 ? 은 번 다는 얘기 ? 경호 비 빼고도 이익 이남 ?,0.0
문재인 게이트 열어야 된다 !!,0.0
공산당 한국 천주교 블랙커넥션 밝혀 야한다 . ㄱㅌㄹ 신문 보니 내용 민주당 기관지 더 ..,0.0
우리들병원 사건 꼭 파야 됩니다,0.0
문재인 출발 사기 아녀 ..? 니미 나라 ..?,0.0
무서운 세상 ... 좌파 정권 후안 무치 ... 참담한 한국 정치 현실 뻔 뻔하고 추악한 좌파 민낯 ~ 카톨릭 존재 정치 적 연대 ... 마찬가지 ~~~,0.0
교인 자가 정치권 붙어 먹어 욕심 부리니 일이 생기지 . 빨 . 갱 . 붙어 먹 엇 제대로 된 케이스 단 보지 못 했다 . 어째 그리 머리 똥 차 들어서 빨갱이 어울리는가 ?,0.0
문재인 게이트 파헤쳐라 황교안 나경원 쓰레기 특검 발의 하라 문재인 천주교 얽힌 비리 국민 분노한다,0.0
성직자 정치인 거 짖말을 입 달 고사 ... 그래가지고 천국 갈 수 있겠냐 ? 신도 앞 거 짖말로 설교 한다는 스스로 증명 있는 현실 너무 참담하네 ... 망할 놈 나라 ...,0.0
지금 문제 아니다 지 소 미아 파기 한미 동맹 깨지고 화천 사단 개최 잔 방사 단 해체 되면 한국 안보 끝난다 국민 이런데도 지금 잠이옵니까 ! 광화문 다나 문죄인 끌어 냅시다,0.0
사건 해도 정권 문 닫을 사건 . 기사 요것 딸 보이 .,0.0
황장수 끈질기게 의혹 기 한 수면 위로 올라오는구나 ~ 한국 일보 간 보지 핵폭탄 제대로 보도 해라 !,0.0
"불법 , 탈법 일삼 좌파 놈 부끄러운줄 알라 ! 좌파 놈 돈 너무나 밝힌다 .",0.0
제대로 싹 파헤쳐서 서울구치소 보내자 .. 너무 구린내가 난다 ..,0.0
진짜 충격 적임 천주교 주교 텔레그램 씀 ? 구린게 많으면 ... 이건 뭐 주교 정치 브로커 구만 .. 썩을 인간 .,0.0
신은 없다 .... 신은 인간 상상 뿐 .....,0.0
카톨릭 개톨릭 되는거냐 미쳐가는구만 ..,0.0
어우 씨 바 개톨릭 좆 주교,0.0
댓글 수준 이러지 ~,0.0
조국 때문 땅 진보 쓰레기 보입니다,0.0
훌륭하 신분 ㅡ 진실 알려주셔서 고맙습니다,1.0
박근혜 문재인 낫 잖아 .... 박근혜 뭐 했나 모르겠네 진짜,0.0
한국 겉 종교 대다수 무교 많죠,1.0
아르헨티나 출신 마약 조직 결탁 중국 손잡고 반미 전쟁 벌이 있는 악마 같은 넘,0.0
친일 했던 천주교 지금 이렇게 반일 분위기 공격 받지 않는 처세술 ? 좌빨 이기 때문 .,0.0
새끼 수 천년 간 ㅈ 같은 짓 해서 권력 뺏긴 주제 반성 한지 도 안되서 또다시 정치 질 하려고 그러냐 ?,0.0
대수 천 헌금 교무 금 안 내기 운동 해라 . 래야 좌빨 천주교 정신차리지 .,0.0
마귀 ㅅㅋ ??,0.0
정치인 종교 적 신념 가지 거 ? 난 종교 적 신념 순교 이름 혐오 한다 ! 정치 이념 ? ~~ 상놈 !,0.0
대통령 님 ! 힘내십시요,1.0
"평안히 하시고 곳 그리운 고향 , 가족 행복하게 사시길 바랍니다 ! 대통령 님 힘내세요",1.0
니 부모 디질 조의 금 챙길 놈 .,0.0
여지 껏 대통령 없었다 . 현직 대통령 임 불구 친모 저렇게 일반 병실 조용히 치료 받으시다 가시다니 ㅠㅠ 지도자 가질 수 있을까 ?,1.0
밥 묵고 쓰레기 댓글다냐 ?,0.0
나라 세계 경 대국 만드신 세계 강국 만드신 문 대통령 . 낳으신 어머니 . ㅋ ㅋ,1.0
산 증인 전두환 대통령 님 의견 깡그리 무시 재판 다시 재심 바랍니다,0.0
사람 입 ?,0.0
바티칸 교구 나전칠기 처 바치 면죄부 생기냐 .. 어디서 하느님 들먹여 그냥 악마 범죄자 주제 .,0.0
신이있으면 짐승 새끼 벌 해주세요,0.0
카톨릭 역시 ! 빨리 내 쳐라 ! 구역질 난다,0.0
재수없게 하필 고등학교 선생님 이름 같냐 ? 분 좋은 분이셨는데 ...,0.0
책 전체 소설 건가 ? 최초 신부 님 김대건 안드레아 이십 니 . 이승훈 첫 신부 라고요 ? 아닙니다 ㅠ,0.0
욕 하지말어라,1.0
장례 미사 성당 안 가도 가정 성모 상 앞 조용히 기도 하면 됩니다 발인 미사 똑 조용히 기도 하면 됩니다,1.0
사회 무소 불위 성역 ~~~ 이제 종교 산업 불황 오는구나 ~~~ 자식 교회 물려 주 는걸 보니 역겹더라 ~~~ 조국 보는것 같아서 ~~~ 말 번지르르하고 ~~~,0.0
종교인 과세 실현 되어야 한다 !!!,1.0
하나님 세균 창조 하시고 공룡 창조 하셨을까 . 그것 알 싶다 !!,0.0
교세 확장 목 매고 있어서 그러함 목사 님 정도 껏 있어야 함 천주교 불교도 똑같은 상황 일거고 사이비 답 없고 사이비 종교 빠질 바 아예 무교인 낫다,0.0
시대 뒤 처진 정신 감염 체 마땅히 자연선택 도태 되는 중,0.0
돈 종교 올인 종교인 넘 믿고 맹신 가족 삶 황폐 해 집니다 종교 중독 중독 위험합니다,0.0
spa 토착 빨갱이 인 가보네 .,0.0
맞네요 빵터졌네요 ㅋ 한번 경험 해보지못한 나라 계속 살 야할까봐 뭐라도 밝혀졌음 바램 입니다,0.0
대통령 작자 헌법 수호 의지 도 없어 보이는데 ..,0.0
"ㅋㅋ 국격 보여준다 , 국가 최고 기관 공문 착오 보냈다고 발뺌 ㅋㅋ 니 어공 . 졸 공이 . 그냥 꺼 지시",0.0
자택 압수수색 시 변호인 올 기다렸다가 실시 하는게 일반 시민 가당 키 한 일일 까요 ?,0.0
정말 개 같은 나라 개 같은 청와대 세이 나라 ~~~,0.0
조국 . 윤 총경 . 양현석 . 승리 위 문 대가리,0.0
눈가 리 아웅 하는 정권 가증 거짓 날이가면 갈수록 도를 넘어선다 적폐 우 글 거리 청 기와집 위성 세력 난 무당파 적폐 몰아내는데 미력 보탤까한다,0.0
국민 모든 분란 발단 문 통과 청와대 .,0.0
문 조 도 찐 개 찐 ... 끈끈 ㄱ ㅇ ㅇ ㅊ 관계 본다 .. 뭐 저런 한나라 장 이구 오른 팔이 ~~~,0.0
사기꾼 양성 소 청와대 ! 막 파 양성 소 청와대 !,0.0
조국 청와대 사기꾼 뭉친 집단,0.0
지금 정부 짓 늘 그런것 새삼 않다 ㆍ 내 로남불 ㆍ 위선 적 공평 평등 ㆍ 위선 적 민주 ㆍ 입 벙긋 하면 거짓말,0.0
"문재인 정부 정책 기조 조국 , 조국 의한 , 조국 위 나라인것 .",0.0
